case,vtx5_off_max_v,vgg_off_max_v,vgg_ramp_max_v,vtx5_on_min_margin_v,clamp_gate_on_max_v,vtx5_end_v,vgg_end_v,level_end_dbm_L1,level_off_max_dbm_L1,level_end_dbm_L2,level_off_max_dbm_L2,level_end_dbm_L3,level_off_max_dbm_L3,level_end_dbm_L4,level_off_max_dbm_L4,d1_current_end_ma,q_end_v,all_pass
1,0.0355794,0.00896656,1.04768,-0.00764036,0.0435252,1.9879e-08,0.0078057,-58.3368,-58.3368,-38.7675,-38.7675,-88.3368,-88.3368,-33.9936,-33.9936,-1.07499e-06,4.99997,True
2,0.0351779,0.00850707,1.06784,-0.00764084,0.0435319,1.15543e-08,0.00780571,-58.3368,-58.3368,-38.7675,-38.7675,-88.3368,-88.3368,-33.9936,-33.9936,-1.07499e-06,4.99997,True
3,0.00774749,0.00780571,0,-0.00764084,0.0435319,8.02844e-07,0.00780571,-58.3368,-58.3368,-38.7675,-38.7675,-88.3368,-88.3368,-33.9936,-33.9936,-1.07499e-06,4.99997,True
4,0.00428064,0.00780571,6.66658e-07,-0.00764084,0.0435319,6.72943e-12,1.24791e-07,-58.3368,-58.3368,-38.7675,-38.7675,-88.3368,-88.3368,-33.9936,-33.9936,-2.2963e-11,7.06698e-07,True
5,0.0351685,0.00780889,0,-0.00764084,0.0435319,2.314e-08,0.00780276,-58.3368,-58.3368,-38.7675,-38.7675,-88.3368,-88.3368,-33.9936,-33.9936,-0.000446143,0.0385386,True
6,0.0355149,0.00780571,0,-0.00764084,0.0435319,2.04111e-08,0.00780571,-58.3368,-58.3368,-38.7675,-38.7675,-88.3368,-88.3368,-33.9936,-33.9936,-1.07499e-06,4.99997,True
7,2.42e-08,0.00780571,0,null,null,2.42e-08,0.00780571,-58.3368,-58.3368,-38.7675,-38.7675,-88.3368,-88.3368,-33.9936,-33.9936,-1.07499e-06,4.99997,True
8,2.42e-08,0.00780571,0,null,null,2.42e-08,0.00780571,-58.3368,-58.3368,-38.7675,-38.7675,-88.3368,-88.3368,-33.9936,-33.9936,-1.07499e-06,4.99997,True
9,2.42003e-08,0.00780571,0,null,null,2.42e-08,0.00780571,-58.3368,-58.3368,-38.7675,-38.7675,-88.3368,-88.3368,-33.9936,-33.9936,-1.07499e-06,4.99997,True
10,4.96653,0.00780759,0,-0.00708389,0.0437895,4.96653,0.00780714,-14.6675,-14.6675,-14.6675,-14.6675,-44.6675,-44.6675,-9.89364,-9.89364,-1.07501e-06,4.99461,True
11,4.9659,0.00780715,0,null,null,4.9659,0.00780715,-14.6675,-14.6675,-14.6675,-14.6675,-44.6675,-44.6675,-9.89364,-9.89364,-1.07499e-06,4.99459,True
12,2.42e-08,3.26923,0,null,null,2.42e-08,3.26923,-4.39228,-4.39228,15.177,15.177,-4.3923,-4.3923,15.177,15.177,-1.07173e-06,4.99997,True
13,2.41999e-08,3.26922,0,null,null,2.41999e-08,3.26922,-4.39229,-4.39229,15.177,15.177,-4.39231,-4.39231,15.177,15.177,-1.07173e-06,4.99995,True
14,0.034881,0.00780856,0,-0.00764084,0.0435319,1.40926e-08,0.00780852,-58.3368,-58.3368,-38.7675,-38.7675,-88.3368,-88.3368,-33.9936,-33.9936,0.0019232,0.700912,True
15,0.00589684,0.00870976,0.399475,null,null,2.50261e-08,0.00780571,-58.3368,-58.3368,-38.7675,-38.7675,-88.3368,-88.3368,-33.9936,-33.9936,3.8512e-07,0.0026488,True
16,0.0359769,0.00780879,0,-0.00764084,0.0435319,3.44748e-08,0.00780285,-58.3368,-58.3368,-38.7675,-38.7675,-88.3368,-88.3368,-33.9936,-33.9936,-0.00136044,0.000849323,True
17,0.0364184,0.00780571,0,-0.00764036,0.0435302,2.9234e-08,0.00780571,-58.3368,-58.3368,-38.7675,-38.7675,-88.3368,-88.3368,-33.9936,-33.9936,-6.92607e-10,0.70043,True
18,4.96583,0.701455,0,-0.00764036,0.0435302,4.96583,0.701452,-14.6675,-14.6675,-14.6675,-14.6675,-44.6675,-44.6675,-9.89364,-9.89364,-4.29301e-09,4.99457,True
19,4.96583,3.26569,0,-0.0076375,0.0434558,4.96581,1.12272,-14.6675,39.2747,-14.6675,39.2747,-44.6675,39.2747,-9.89364,39.2748,1.21268,0.701342,True
20,4.96583,3.26569,0,-0.0076375,0.0434558,4.9658,0.636009,-14.6675,39.2747,-14.6675,39.2747,-44.6675,39.2747,-9.89364,39.2748,1.48948,0.195047,True
