run,tset_ms,pack,vd,step_w,vsh,vos,pset_w,ptop_w,rise_ms_min,rise_ms_max,fall_ms_min,fall_ms_max,t1090_err_ms,t1090_err_pct,worst_element,shape_err_rise,shape_err_fall,overshoot_db,bw26_hz,side_max_db,side_max_at_hz,off60_hz,vgg_max,keyup_window_max_dbm,keyup_loop_tail_max_dbm,loop_tail_at_gate_dbm,at_gate_dbm,gate_step_rel_db,ideal_bw26_hz,ideal_side_max_db,pass_t1090_req_tx005,pass_t1090_tc_sys013,pass_shape,pass_overshoot,pass_bw26,pass_sideband,pass_keyup_1uW,pass_vgg,pass_setpoint,pass_first_t1090_req_tx005,pass_first_t1090_tc_sys013,pass_first_shape
1,3,7.4,6.7,0.5,-0.3,0,0.5,0.5,3.014,3.02,3.011,3.017,0.0196,0.6534,6,0.005964,0.005964,0,291.7,-71.29,775,435,nan,-17.23,-29.48,-150,-17.5,-44.49,291.7,-73.98,PASS,PASS,PASS,PASS,PASS,PASS,FAIL,PASS,PASS,FAIL,FAIL,FAIL
2,5,7.4,6.7,0.5,-0.3,0,0.5,0.5,5.005,5.007,5.009,5.013,0.01279,0.2559,8,0.005964,0.005964,0,208.3,-82.4,-815,275,nan,-17.47,-38.53,-150,-17.5,-44.49,208.3,-84.47,PASS,PASS,PASS,PASS,PASS,PASS,FAIL,PASS,PASS,FAIL,FAIL,FAIL
3,8,7.4,6.7,0.5,-0.3,0,0.5,0.5,8.001,8.004,8.006,8.011,0.01087,0.1359,4,0.005964,0.005964,0,125,-83.41,875,225,nan,-17.49,-46.04,-150,-17.5,-44.49,125,-91.79,PASS,PASS,PASS,PASS,PASS,PASS,FAIL,PASS,PASS,FAIL,FAIL,FAIL
4,3,7.4,6.7,1,-0.3,0,1,1,3.026,3.03,3.012,3.014,0.02997,0.999,6,0.006334,0.004217,0,291.7,-70.46,775,395,nan,-16.93,-26.05,-150,-17.5,-47.5,291.7,-73.98,PASS,PASS,PASS,PASS,PASS,PASS,FAIL,PASS,PASS,FAIL,FAIL,FAIL
5,5,7.4,6.7,1,-0.3,0,1,1,5.011,5.016,5.006,5.011,0.01609,0.3219,4,0.004217,0.004217,0,208.3,-84.16,-815,275,nan,-17.41,-34.3,-150,-17.5,-47.5,208.3,-84.47,PASS,PASS,PASS,PASS,PASS,PASS,FAIL,PASS,PASS,FAIL,FAIL,FAIL
6,8,7.4,6.7,1,-0.3,0,1,1,8.006,8.009,8.004,8.007,0.00898,0.1122,6,0.004217,0.004217,0,125,-86.5,1025,225,nan,-17.49,-42.83,-150,-17.5,-47.5,125,-91.79,PASS,PASS,PASS,PASS,PASS,PASS,FAIL,PASS,PASS,PASS,PASS,FAIL
7,3,7.4,6.7,2,-0.3,0,2,2,3.016,3.021,3.011,3.019,0.02096,0.6987,8,0.006975,0.006759,0,291.7,-70.65,-775,395,nan,-16.26,-22.3,-150,-17.5,-50.51,291.7,-73.98,PASS,PASS,PASS,PASS,PASS,PASS,FAIL,PASS,PASS,FAIL,FAIL,FAIL
8,5,7.4,6.7,2,-0.3,0,2,2,5.005,5.009,5.011,5.014,0.01429,0.2858,5,0.002982,0.003546,0,208.3,-83.57,-815,275,nan,-17.33,-31.61,-150,-17.5,-50.51,208.3,-84.47,PASS,PASS,PASS,PASS,PASS,PASS,FAIL,PASS,PASS,FAIL,FAIL,FAIL
9,8,7.4,6.7,2,-0.3,0,2,2,8.005,8.007,8.007,8.01,0.009819,0.1227,8,0.002982,0.002982,0,125,-84.51,-1005,225,nan,-17.48,-40.03,-150,-17.5,-50.51,125,-91.79,PASS,PASS,PASS,PASS,PASS,PASS,FAIL,PASS,PASS,FAIL,FAIL,FAIL
10,3,7.4,6.7,5,-0.3,0,5,5,3.033,3.036,3.005,3.009,0.03638,1.213,8,0.006748,0.006827,0.001424,291.7,-70.14,775,395,nan,-15.12,-18.86,-150,-17.5,-54.49,291.7,-73.98,PASS,PASS,PASS,PASS,PASS,PASS,FAIL,PASS,PASS,FAIL,FAIL,FAIL
11,5,7.4,6.7,5,-0.3,0,5,5,5.015,5.017,5,5.003,0.01693,0.3385,3,0.003317,0.003737,0.0007832,208.3,-83.38,-815,275,nan,-17.06,-27.18,-150,-17.5,-54.49,208.3,-84.47,PASS,PASS,PASS,PASS,PASS,PASS,FAIL,PASS,PASS,FAIL,FAIL,FAIL
12,8,7.4,6.7,5,-0.3,0,5,5,8.007,8.012,8.004,8.007,0.01194,0.1492,5,0.00222,0.002368,0.0004109,125,-85.27,-2145,225,nan,-17.44,-36.26,-150,-17.5,-54.49,125,-91.79,PASS,PASS,PASS,PASS,PASS,PASS,FAIL,PASS,PASS,PASS,PASS,FAIL
13,3,7.4,6.7,0.5,-0.25,0,0.5,0.5,3.014,3.019,3.011,3.013,0.01893,0.6309,4,0.006098,0.005964,0,291.7,-71.31,775,435,nan,-17.33,-31.51,-150,-17.5,-44.49,291.7,-73.98,PASS,PASS,PASS,PASS,PASS,PASS,FAIL,PASS,PASS,FAIL,FAIL,FAIL
14,5,7.4,6.7,0.5,-0.25,0,0.5,0.5,5.004,5.006,5.009,5.011,0.01133,0.2266,3,0.005964,0.005964,0,208.3,-82.61,-1085,275,nan,-17.45,-37.15,-150,-17.5,-44.49,208.3,-84.47,PASS,PASS,PASS,PASS,PASS,PASS,FAIL,PASS,PASS,FAIL,FAIL,FAIL
15,8,7.4,6.7,0.5,-0.25,0,0.5,0.5,8.001,8.003,8.006,8.011,0.01105,0.1381,3,0.005964,0.005964,0,125,-83.57,-875,225,nan,-17.49,-46.04,-150,-17.5,-44.49,125,-91.79,PASS,PASS,PASS,PASS,PASS,PASS,FAIL,PASS,PASS,PASS,PASS,FAIL
16,3,7.4,6.7,1,-0.25,0,1,1,3.025,3.03,3.011,3.017,0.02993,0.9976,7,0.006281,0.004217,0,291.7,-70.24,-775,395,nan,-16.88,-25.65,-150,-17.5,-47.5,291.7,-73.98,PASS,PASS,PASS,PASS,PASS,PASS,FAIL,PASS,PASS,FAIL,FAIL,FAIL
17,5,7.4,6.7,1,-0.25,0,1,1,5.013,5.016,5.006,5.012,0.01595,0.319,4,0.004217,0.004217,0,208.3,-84.24,815,275,nan,-17.41,-34.3,-150,-17.5,-47.5,208.3,-84.47,PASS,PASS,PASS,PASS,PASS,PASS,FAIL,PASS,PASS,FAIL,FAIL,FAIL
18,8,7.4,6.7,1,-0.25,0,1,1,8.006,8.01,8.004,8.006,0.01033,0.1291,6,0.004217,0.004217,0,125,-86.56,1025,225,nan,-17.49,-42.36,-150,-17.5,-47.5,125,-91.79,PASS,PASS,PASS,PASS,PASS,PASS,FAIL,PASS,PASS,PASS,PASS,FAIL
19,3,7.4,6.7,2,-0.25,0,2,2,3.013,3.02,3.013,3.017,0.01998,0.666,4,0.006962,0.006207,0,291.7,-70.99,-775,395,nan,-16.01,-21.38,-150,-17.5,-50.51,291.7,-73.98,PASS,PASS,PASS,PASS,PASS,PASS,FAIL,PASS,PASS,FAIL,FAIL,FAIL
20,5,7.4,6.7,2,-0.25,0,2,2,5.006,5.011,5.009,5.012,0.01245,0.2491,7,0.003198,0.003455,0,208.3,-83.62,815,275,nan,-17.3,-30.76,-150,-17.5,-50.51,208.3,-84.47,PASS,PASS,PASS,PASS,PASS,PASS,FAIL,PASS,PASS,FAIL,FAIL,FAIL
21,8,7.4,6.7,2,-0.25,0,2,2,8.005,8.008,8.005,8.009,0.009176,0.1147,4,0.002982,0.002982,0,125,-84.72,-1005,225,nan,-17.47,-39.22,-150,-17.5,-50.51,125,-91.79,PASS,PASS,PASS,PASS,PASS,PASS,FAIL,PASS,PASS,FAIL,FAIL,FAIL
22,3,7.4,6.7,5,-0.25,0,5,5,3.032,3.037,3,3.008,0.03734,1.245,5,0.006895,0.006187,0.001416,291.7,-70.33,775,395,nan,-15.13,-18.88,-150,-17.5,-54.49,291.7,-73.98,PASS,PASS,PASS,PASS,PASS,PASS,FAIL,PASS,PASS,FAIL,FAIL,FAIL
23,5,7.4,6.7,5,-0.25,0,5,5,5.014,5.018,5,5.006,0.0176,0.3521,8,0.003743,0.004197,0.0007834,208.3,-82.56,-2205,275,nan,-17.05,-27.13,-150,-17.5,-54.49,208.3,-84.47,PASS,PASS,PASS,PASS,PASS,PASS,FAIL,PASS,PASS,FAIL,FAIL,FAIL
24,8,7.4,6.7,5,-0.25,0,5,5,8.007,8.011,8.004,8.007,0.01068,0.1335,5,0.002339,0.002291,0.000411,125,-85.56,-2185,225,nan,-17.42,-34.67,-150,-17.5,-54.49,125,-91.79,PASS,PASS,PASS,PASS,PASS,PASS,FAIL,PASS,PASS,PASS,PASS,FAIL
25,3,7.4,6.7,0.5,-0.2,0,0.5,0.5,3.015,3.017,3.011,3.017,0.01725,0.5749,3,0.005997,0.005964,0,291.7,-71.23,-775,435,nan,-17.33,-31.48,-150,-17.5,-44.49,291.7,-73.98,PASS,PASS,PASS,PASS,PASS,PASS,FAIL,PASS,PASS,FAIL,FAIL,FAIL
26,5,7.4,6.7,0.5,-0.2,0,0.5,0.5,5.004,5.008,5.009,5.013,0.0131,0.2619,6,0.005964,0.005964,0,208.3,-82.42,-1085,275,nan,-17.45,-37.15,-150,-17.5,-44.49,208.3,-84.47,PASS,PASS,PASS,PASS,PASS,PASS,FAIL,PASS,PASS,FAIL,FAIL,FAIL
27,8,7.4,6.7,0.5,-0.2,0,0.5,0.5,8,8.004,8.006,8.01,0.01018,0.1272,8,0.005964,0.005964,0,125,-83.53,1005,225,nan,-17.49,-46,-150,-17.5,-44.49,125,-91.79,PASS,PASS,PASS,PASS,PASS,PASS,FAIL,PASS,PASS,PASS,PASS,FAIL
28,3,7.4,6.7,1,-0.2,0,1,1,3.026,3.029,3.011,3.017,0.02861,0.9538,8,0.006298,0.004217,0,291.7,-70.31,775,395,nan,-16.88,-25.65,-150,-17.5,-47.5,291.7,-73.98,PASS,PASS,PASS,PASS,PASS,PASS,FAIL,PASS,PASS,FAIL,FAIL,FAIL
29,5,7.4,6.7,1,-0.2,0,1,1,5.011,5.016,5.006,5.01,0.01631,0.3261,7,0.004217,0.004217,0,208.3,-84.67,815,275,nan,-17.41,-34.3,-150,-17.5,-47.5,208.3,-84.47,PASS,PASS,PASS,PASS,PASS,PASS,FAIL,PASS,PASS,PASS,PASS,FAIL
30,8,7.4,6.7,1,-0.2,0,1,1,8.005,8.01,8.003,8.008,0.0104,0.1299,8,0.004217,0.004217,0,125,-86.44,-1025,225,nan,-17.49,-42.36,-150,-17.5,-47.5,125,-91.79,PASS,PASS,PASS,PASS,PASS,PASS,FAIL,PASS,PASS,PASS,PASS,PASS
31,3,7.4,6.7,2,-0.2,0,2,2,3.011,3.02,3.015,3.019,0.02029,0.6762,7,0.006935,0.006558,0,291.7,-70.79,-775,395,nan,-16.29,-22.43,-150,-17.5,-50.51,291.7,-73.98,PASS,PASS,PASS,PASS,PASS,PASS,FAIL,PASS,PASS,FAIL,FAIL,FAIL
32,5,7.4,6.7,2,-0.2,0,2,2,5.005,5.009,5.009,5.011,0.01111,0.2222,5,0.003685,0.003703,0,208.3,-83.65,1545,275,nan,-17.33,-31.61,-150,-17.5,-50.51,208.3,-84.47,PASS,PASS,PASS,PASS,PASS,PASS,FAIL,PASS,PASS,FAIL,FAIL,FAIL
33,8,7.4,6.7,2,-0.2,0,2,2,8.005,8.008,8.005,8.01,0.009819,0.1227,8,0.002982,0.002982,0,125,-84.67,1005,225,nan,-17.47,-39.22,-150,-17.5,-50.51,125,-91.79,PASS,PASS,PASS,PASS,PASS,PASS,FAIL,PASS,PASS,PASS,PASS,FAIL
34,3,7.4,6.7,5,-0.2,0,5,5,3.033,3.035,3,3.009,0.03549,1.183,4,0.006952,0.005961,0.001424,291.7,-70.32,-775,395,nan,-14.51,-17.55,-150,-17.5,-54.49,291.7,-73.98,PASS,PASS,PASS,PASS,PASS,PASS,FAIL,PASS,PASS,FAIL,FAIL,FAIL
35,5,7.4,6.7,5,-0.2,0,5,5,5.014,5.02,5,5.006,0.0196,0.3921,7,0.003904,0.003719,0.000782,208.3,-83.81,-815,275,nan,-17.05,-27.12,-150,-17.5,-54.49,208.3,-84.47,PASS,PASS,PASS,PASS,PASS,PASS,FAIL,PASS,PASS,PASS,PASS,FAIL
36,8,7.4,6.7,5,-0.2,0,5,5,8.007,8.01,8.004,8.008,0.009932,0.1241,6,0.002215,0.002222,0.0004112,125,-86.92,1375,225,nan,-17.44,-36.26,-150,-17.5,-54.49,125,-91.79,PASS,PASS,PASS,PASS,PASS,PASS,FAIL,PASS,PASS,PASS,PASS,PASS
37,3,7.4,6.7,0.5,-0.15,0,0.5,0.5,3.014,3.018,3.011,3.016,0.01751,0.5836,3,0.006031,0.005964,0,291.7,-71.11,-775,435,nan,-17.33,-31.48,-150,-17.5,-44.49,291.7,-73.98,PASS,PASS,PASS,PASS,PASS,PASS,FAIL,PASS,PASS,FAIL,FAIL,FAIL
38,5,7.4,6.7,0.5,-0.15,0,0.5,0.5,5.004,5.008,5.009,5.013,0.01326,0.2653,5,0.005964,0.005964,0,208.3,-82.25,-815,275,nan,-17.47,-38.54,-150,-17.5,-44.49,208.3,-84.47,PASS,PASS,PASS,PASS,PASS,PASS,FAIL,PASS,PASS,PASS,PASS,PASS
39,8,7.4,6.7,0.5,-0.15,0,0.5,0.5,8,8.003,8.006,8.008,0.008117,0.1015,6,0.005964,0.005964,0,125,-83.47,-1005,225,nan,-17.49,-46.51,-150,-17.5,-44.49,125,-91.79,PASS,PASS,PASS,PASS,PASS,PASS,FAIL,PASS,PASS,PASS,PASS,PASS
40,3,7.4,6.7,1,-0.15,0,1,1,3.026,3.031,3.011,3.015,0.03124,1.041,5,0.006161,0.004217,0,291.7,-70.35,775,395,nan,-17.08,-27.48,-150,-17.5,-47.5,291.7,-73.98,PASS,PASS,PASS,PASS,PASS,PASS,FAIL,PASS,PASS,FAIL,PASS,PASS
41,5,7.4,6.7,1,-0.15,0,1,1,5.012,5.016,5.008,5.009,0.01609,0.3218,6,0.004217,0.004217,0,208.3,-84.32,-815,275,nan,-17.42,-34.91,-150,-17.5,-47.5,208.3,-84.47,PASS,PASS,PASS,PASS,PASS,PASS,FAIL,PASS,PASS,PASS,PASS,PASS
42,8,7.4,6.7,1,-0.15,0,1,1,8.005,8.011,8.004,8.008,0.01051,0.1314,6,0.004217,0.004217,0,125,-86.41,1025,225,nan,-17.49,-42.83,-150,-17.5,-47.5,125,-91.79,PASS,PASS,PASS,PASS,PASS,PASS,FAIL,PASS,PASS,PASS,PASS,PASS
43,3,7.4,6.7,2,-0.15,0,2,2,3.014,3.02,3.013,3.017,0.02016,0.6719,7,0.007016,0.006329,0,291.7,-71.11,-775,395,nan,-16.27,-22.37,-150,-17.5,-50.51,291.7,-73.98,PASS,PASS,PASS,PASS,PASS,PASS,FAIL,PASS,PASS,FAIL,FAIL,FAIL
44,5,7.4,6.7,2,-0.15,0,2,2,5.008,5.009,5.009,5.012,0.01243,0.2486,7,0.003473,0.003456,0,208.3,-83.53,-815,275,nan,-17.34,-31.65,-150,-17.5,-50.51,208.3,-84.47,PASS,PASS,PASS,PASS,PASS,PASS,FAIL,PASS,PASS,FAIL,FAIL,PASS
45,8,7.4,6.7,2,-0.15,0,2,2,8.004,8.007,8.007,8.011,0.01144,0.143,3,0.002982,0.002982,0,125,-84.45,1005,225,nan,-17.48,-40.03,-150,-17.5,-50.51,125,-91.79,PASS,PASS,PASS,PASS,PASS,PASS,FAIL,PASS,PASS,PASS,PASS,PASS
46,3,7.4,6.7,5,-0.15,0,5,5,3.031,3.038,3,3.008,0.03847,1.282,4,0.007005,0.005829,0.001424,291.7,-70.43,-775,395,nan,-14.6,-17.72,-150,-17.5,-54.49,291.7,-73.98,PASS,PASS,PASS,PASS,PASS,PASS,FAIL,PASS,PASS,FAIL,PASS,PASS
47,5,7.4,6.7,5,-0.15,0,5,5,5.015,5.017,5.002,5.006,0.01725,0.345,7,0.003716,0.004298,0.0007867,208.3,-83.5,-2205,275,nan,-17.17,-28.57,-150,-17.5,-54.49,208.3,-84.47,PASS,PASS,PASS,PASS,PASS,PASS,FAIL,PASS,PASS,PASS,PASS,PASS
48,8,7.4,6.7,5,-0.15,0,5,5,8.008,8.011,8.004,8.007,0.01067,0.1334,5,0.002227,0.002329,0.0004116,125,-86.64,-1375,225,nan,-17.42,-34.8,-150,-17.5,-54.49,125,-91.79,PASS,PASS,PASS,PASS,PASS,PASS,FAIL,PASS,PASS,PASS,PASS,PASS
49,3,7.4,6.7,0.5,-0.1,0,0.5,0.5,3.014,3.017,3.011,3.017,0.01725,0.5749,3,0.00616,0.005964,0,291.7,-71.08,775,435,nan,-17.33,-31.48,-150,-17.5,-44.49,291.7,-73.98,PASS,PASS,PASS,PASS,PASS,PASS,FAIL,PASS,PASS,FAIL,PASS,PASS
50,5,7.4,6.7,0.5,-0.1,0,0.5,0.5,5.004,5.005,5.009,5.011,0.01072,0.2143,8,0.005964,0.005964,0,208.3,-82.48,-815,275,nan,-17.47,-38.53,-150,-17.5,-44.49,208.3,-84.47,PASS,PASS,PASS,PASS,PASS,PASS,FAIL,PASS,PASS,PASS,PASS,PASS
51,8,7.4,6.7,0.5,-0.1,0,0.5,0.5,8,8.004,8.006,8.011,0.01105,0.1381,3,0.005964,0.005964,0,125,-83.51,-1005,225,nan,-17.49,-45.15,-150,-17.5,-44.49,125,-91.79,PASS,PASS,PASS,PASS,PASS,PASS,FAIL,PASS,PASS,PASS,PASS,PASS
52,3,7.4,6.7,1,-0.1,0,1,1,3.025,3.031,3.01,3.016,0.03136,1.045,5,0.006036,0.004217,0,291.7,-70.32,-775,395,nan,-16.96,-26.31,-150,-17.5,-47.5,291.7,-73.98,PASS,PASS,PASS,PASS,PASS,PASS,FAIL,PASS,PASS,PASS,PASS,PASS
53,5,7.4,6.7,1,-0.1,0,1,1,5.012,5.016,5.008,5.01,0.01598,0.3197,5,0.004217,0.004217,0,208.3,-84.44,-815,275,nan,-17.42,-34.96,-150,-17.5,-47.5,208.3,-84.47,PASS,PASS,PASS,PASS,PASS,PASS,FAIL,PASS,PASS,PASS,PASS,PASS
54,8,7.4,6.7,1,-0.1,0,1,1,8.006,8.011,8.004,8.008,0.01051,0.1314,6,0.004217,0.004217,0,125,-86.62,-1025,225,nan,-17.49,-42.83,-150,-17.5,-47.5,125,-91.79,PASS,PASS,PASS,PASS,PASS,PASS,FAIL,PASS,PASS,PASS,PASS,PASS
55,3,7.4,6.7,2,-0.1,0,2,2,3.013,3.019,3.011,3.018,0.01939,0.6463,3,0.00703,0.006501,0,291.7,-70.88,775,395,nan,-16.27,-22.37,-150,-17.5,-50.51,291.7,-73.98,PASS,PASS,PASS,PASS,PASS,PASS,FAIL,PASS,PASS,FAIL,PASS,PASS
56,5,7.4,6.7,2,-0.1,0,2,2,5.005,5.01,5.009,5.013,0.01311,0.2623,3,0.003187,0.003547,0,208.3,-83.57,-815,275,nan,-17.33,-31.61,-150,-17.5,-50.51,208.3,-84.47,PASS,PASS,PASS,PASS,PASS,PASS,FAIL,PASS,PASS,PASS,PASS,PASS
57,8,7.4,6.7,2,-0.1,0,2,2,8.005,8.009,8.006,8.01,0.01005,0.1256,4,0.002982,0.002982,0,125,-84.64,1005,225,nan,-17.48,-40.03,-150,-17.5,-50.51,125,-91.79,PASS,PASS,PASS,PASS,PASS,PASS,FAIL,PASS,PASS,PASS,PASS,PASS
58,3,7.4,6.7,5,-0.1,0,5,5,3.034,3.039,3,3.007,0.03869,1.29,7,0.006762,0.005618,0.001419,291.7,-70.33,-775,395,nan,-15.34,-19.4,-150,-17.5,-54.49,291.7,-73.98,PASS,PASS,PASS,PASS,PASS,PASS,FAIL,PASS,PASS,PASS,PASS,PASS
59,5,7.4,6.7,5,-0.1,0,5,5,5.013,5.02,4.999,5.009,0.0196,0.3921,7,0.003905,0.004238,0.0007865,208.3,-83.53,2255,275,nan,-17.03,-26.96,-150,-17.5,-54.49,208.3,-84.47,PASS,PASS,PASS,PASS,PASS,PASS,FAIL,PASS,PASS,PASS,PASS,PASS
60,8,7.4,6.7,5,-0.1,0,5,5,8.007,8.01,8.003,8.007,0.01013,0.1266,5,0.002214,0.002196,0.0004108,125,-86.57,-2185,225,nan,-17.44,-36.3,-150,-17.5,-54.49,125,-91.79,PASS,PASS,PASS,PASS,PASS,PASS,FAIL,PASS,PASS,PASS,PASS,PASS
61,3,7.4,6.7,0.5,-0.05,0,0.5,0.5,3.013,3.019,3.011,3.017,0.01916,0.6387,5,0.005964,0.005964,0,291.7,-71.09,-775,435,nan,-17.15,-28.32,-150,-17.5,-44.49,291.7,-73.98,PASS,PASS,PASS,PASS,PASS,PASS,FAIL,PASS,PASS,PASS,PASS,PASS
62,5,7.4,6.7,0.5,-0.05,0,0.5,0.5,5.004,5.006,5.009,5.01,0.009903,0.1981,3,0.005964,0.005964,0,208.3,-82.62,1085,275,nan,-17.47,-38.54,-150,-17.5,-44.49,208.3,-84.47,PASS,PASS,PASS,PASS,PASS,PASS,FAIL,PASS,PASS,PASS,PASS,PASS
63,8,7.4,6.7,0.5,-0.05,0,0.5,0.5,8,8.003,8.006,8.009,0.009152,0.1144,3,0.005964,0.005964,0,125,-83.43,-1005,225,nan,-17.49,-46.51,-150,-17.5,-44.49,125,-91.79,PASS,PASS,PASS,PASS,PASS,PASS,FAIL,PASS,PASS,PASS,PASS,PASS
64,3,7.4,6.7,1,-0.05,0,1,1,3.026,3.031,3.012,3.016,0.0313,1.043,5,0.006167,0.004217,0,291.7,-70.33,775,395,nan,-16.97,-26.37,-150,-17.5,-47.5,291.7,-73.98,PASS,PASS,PASS,PASS,PASS,PASS,FAIL,PASS,PASS,PASS,PASS,PASS
65,5,7.4,6.7,1,-0.05,0,1,1,5.012,5.016,5.008,5.01,0.01598,0.3196,5,0.004217,0.004217,0,208.3,-84.65,-815,275,nan,-17.42,-34.96,-150,-17.5,-47.5,208.3,-84.47,PASS,PASS,PASS,PASS,PASS,PASS,FAIL,PASS,PASS,PASS,PASS,PASS
66,8,7.4,6.7,1,-0.05,0,1,1,8.006,8.01,8.004,8.008,0.01025,0.1281,4,0.004217,0.004217,0,125,-86.63,-1025,225,nan,-17.49,-43.66,-150,-17.5,-47.5,125,-91.79,PASS,PASS,PASS,PASS,PASS,PASS,FAIL,PASS,PASS,PASS,PASS,PASS
67,3,7.4,6.7,2,-0.05,0,2,2,3.016,3.02,3.013,3.017,0.02001,0.6669,6,0.006902,0.006393,0,291.7,-70.92,775,395,nan,-16.4,-22.91,-150,-17.5,-50.51,291.7,-73.98,PASS,PASS,PASS,PASS,PASS,PASS,FAIL,PASS,PASS,PASS,PASS,PASS
68,5,7.4,6.7,2,-0.05,0,2,2,5.005,5.01,5.008,5.012,0.01213,0.2426,8,0.003525,0.003713,0,208.3,-83.69,-815,275,nan,-17.33,-31.61,-150,-17.5,-50.51,208.3,-84.47,PASS,PASS,PASS,PASS,PASS,PASS,FAIL,PASS,PASS,PASS,PASS,PASS
69,8,7.4,6.7,2,-0.05,0,2,2,8.004,8.009,8.007,8.01,0.0101,0.1262,3,0.002982,0.002982,0,125,-84.33,1005,225,nan,-17.48,-40.03,-150,-17.5,-50.51,125,-91.79,PASS,PASS,PASS,PASS,PASS,PASS,FAIL,PASS,PASS,PASS,PASS,PASS
70,3,7.4,6.7,5,-0.05,0,5,5,3.034,3.036,3,3.008,0.036,1.2,4,0.006727,0.005498,0.001419,291.7,-70.33,-775,395,nan,-14.51,-17.55,-150,-17.5,-54.49,291.7,-73.98,PASS,PASS,PASS,PASS,PASS,PASS,FAIL,PASS,PASS,PASS,PASS,PASS
71,5,7.4,6.7,5,-0.05,0,5,5,5.015,5.017,5,5.008,0.01672,0.3345,3,0.00369,0.004239,0.0007875,208.3,-83.57,815,275,nan,-17.05,-27.12,-150,-17.5,-54.49,208.3,-84.47,PASS,PASS,PASS,PASS,PASS,PASS,FAIL,PASS,PASS,PASS,PASS,PASS
72,8,7.4,6.7,5,-0.05,0,5,5,8.006,8.013,8.001,8.005,0.01336,0.167,4,0.002211,0.002301,0.0004118,125,-85.48,2185,225,nan,-17.42,-34.69,-150,-17.5,-54.49,125,-91.79,PASS,PASS,PASS,PASS,PASS,PASS,FAIL,PASS,PASS,PASS,PASS,PASS
73,3,7.4,6.7,0.5,0,0,0.5,0.5,3.016,3.019,3.013,3.017,0.0194,0.6467,4,0.006197,0.005964,0,291.7,-71.22,775,435,nan,-17.23,-29.49,-150,-17.5,-44.49,291.7,-73.98,PASS,PASS,PASS,PASS,PASS,PASS,FAIL,PASS,PASS,PASS,PASS,PASS
74,5,7.4,6.7,0.5,0,0,0.5,0.5,5.005,5.006,5.009,5.012,0.0119,0.2379,7,0.005964,0.005964,0,208.3,-82.34,1085,275,nan,-17.45,-37.13,-150,-17.5,-44.49,208.3,-84.47,PASS,PASS,PASS,PASS,PASS,PASS,FAIL,PASS,PASS,PASS,PASS,PASS
75,8,7.4,6.7,0.5,0,0,0.5,0.5,8,8.004,8.006,8.01,0.01026,0.1282,7,0.005964,0.005964,0,125,-83.33,875,225,nan,-17.49,-46.29,-150,-17.5,-44.49,125,-91.79,PASS,PASS,PASS,PASS,PASS,PASS,FAIL,PASS,PASS,PASS,PASS,PASS
76,3,7.4,6.7,1,0,0,1,1,3.027,3.03,3.01,3.017,0.03013,1.004,4,0.006229,0.004217,0,291.7,-70.3,775,395,nan,-16.94,-26.09,-150,-17.5,-47.5,291.7,-73.98,PASS,PASS,PASS,PASS,PASS,PASS,FAIL,PASS,PASS,PASS,PASS,PASS
77,5,7.4,6.7,1,0,0,1,1,5.011,5.015,5.008,5.012,0.0151,0.3021,7,0.004217,0.004217,0,208.3,-84.03,-815,275,nan,-17.42,-34.59,-150,-17.5,-47.5,208.3,-84.47,PASS,PASS,PASS,PASS,PASS,PASS,FAIL,PASS,PASS,PASS,PASS,PASS
78,8,7.4,6.7,1,0,0,1,1,8.006,8.009,8.004,8.007,0.008618,0.1077,7,0.004217,0.004217,0,125,-86.59,1025,225,nan,-17.49,-43.66,-150,-17.5,-47.5,125,-91.79,PASS,PASS,PASS,PASS,PASS,PASS,FAIL,PASS,PASS,PASS,PASS,PASS
79,3,7.4,6.7,2,0,0,2,2,3.013,3.016,3.014,3.019,0.01856,0.6186,7,0.00695,0.006009,0,291.7,-71.08,775,395,nan,-16.38,-22.82,-150,-17.5,-50.51,291.7,-73.98,PASS,PASS,PASS,PASS,PASS,PASS,FAIL,PASS,PASS,PASS,PASS,PASS
80,5,7.4,6.7,2,0,0,2,2,5.008,5.01,5.01,5.012,0.01249,0.2498,5,0.00368,0.003461,0,208.3,-83.39,-815,275,nan,-17.3,-30.79,-150,-17.5,-50.51,208.3,-84.47,PASS,PASS,PASS,PASS,PASS,PASS,FAIL,PASS,PASS,PASS,PASS,PASS
81,8,7.4,6.7,2,0,0,2,2,8.004,8.008,8.006,8.01,0.009712,0.1214,3,0.002982,0.002982,0,125,-84.46,-1005,225,nan,-17.48,-40.03,-150,-17.5,-50.51,125,-91.79,PASS,PASS,PASS,PASS,PASS,PASS,FAIL,PASS,PASS,PASS,PASS,PASS
82,3,7.4,6.7,5,0,0,5,5,3.032,3.038,3.003,3.006,0.03809,1.27,7,0.006837,0.005825,0.001415,291.7,-70.33,775,395,nan,-14.8,-18.14,-150,-17.5,-54.49,291.7,-73.98,PASS,PASS,PASS,PASS,PASS,PASS,FAIL,PASS,PASS,PASS,PASS,PASS
83,5,7.4,6.7,5,0,0,5,5,5.016,5.018,5.001,5.007,0.01822,0.3644,6,0.003897,0.004171,0.0007853,208.3,-83.77,815,275,nan,-17.14,-28.18,-150,-17.5,-54.49,208.3,-84.47,PASS,PASS,PASS,PASS,PASS,PASS,FAIL,PASS,PASS,PASS,PASS,PASS
84,8,7.4,6.7,5,0,0,5,5,8.008,8.012,8.002,8.007,0.01192,0.149,3,0.00229,0.002174,0.0004111,125,-86.99,1375,225,nan,-17.45,-36.64,-150,-17.5,-54.49,125,-91.79,PASS,PASS,PASS,PASS,PASS,PASS,FAIL,PASS,PASS,PASS,PASS,PASS
85,3,7.4,6.7,0.5,0.05,0,0.5,0.5,3.015,3.016,3.012,3.017,0.01721,0.5735,4,0.006065,0.005964,0,291.7,-71.09,-775,435,nan,-17.33,-31.5,-150,-17.5,-44.49,291.7,-73.98,PASS,PASS,PASS,PASS,PASS,PASS,FAIL,PASS,PASS,PASS,PASS,PASS
86,5,7.4,6.7,0.5,0.05,0,0.5,0.5,5.004,5.004,5.009,5.013,0.01326,0.2653,5,0.005964,0.005964,0,208.3,-82.67,-1085,275,nan,-17.45,-37.15,-150,-17.5,-44.49,208.3,-84.47,PASS,PASS,PASS,PASS,PASS,PASS,FAIL,PASS,PASS,PASS,PASS,PASS
87,8,7.4,6.7,0.5,0.05,0,0.5,0.5,8,8.002,8.006,8.008,0.008118,0.1015,6,0.005964,0.005964,0,125,-83.37,875,225,nan,-17.49,-45.29,-150,-17.5,-44.49,125,-91.79,PASS,PASS,PASS,PASS,PASS,PASS,FAIL,PASS,PASS,PASS,PASS,PASS
88,3,7.4,6.7,1,0.05,0,1,1,3.026,3.03,3.013,3.017,0.03007,1.002,6,0.006242,0.004217,0,291.7,-70.31,-775,395,nan,-16.88,-25.64,-150,-17.5,-47.5,291.7,-73.98,PASS,PASS,PASS,PASS,PASS,PASS,FAIL,PASS,PASS,PASS,PASS,PASS
89,5,7.4,6.7,1,0.05,0,1,1,5.011,5.016,5.008,5.01,0.01568,0.3135,3,0.004217,0.004217,0,208.3,-84.6,-815,275,nan,-17.42,-34.96,-150,-17.5,-47.5,208.3,-84.47,PASS,PASS,PASS,PASS,PASS,PASS,FAIL,PASS,PASS,PASS,PASS,PASS
90,8,7.4,6.7,1,0.05,0,1,1,8.006,8.01,8.004,8.009,0.0104,0.13,4,0.004217,0.004217,0,125,-86.61,1025,225,nan,-17.49,-42.37,-150,-17.5,-47.5,125,-91.79,PASS,PASS,PASS,PASS,PASS,PASS,FAIL,PASS,PASS,PASS,PASS,PASS
91,3,7.4,6.7,2,0.05,0,2,2,3.017,3.021,3.012,3.018,0.02069,0.6898,6,0.00698,0.006147,0,291.7,-70.85,-775,395,nan,-16.26,-22.3,-150,-17.5,-50.51,291.7,-73.98,PASS,PASS,PASS,PASS,PASS,PASS,FAIL,PASS,PASS,PASS,PASS,PASS
92,5,7.4,6.7,2,0.05,0,2,2,5.007,5.012,5.008,5.013,0.0134,0.268,3,0.003527,0.003707,0,208.3,-83.35,1545,275,nan,-17.33,-31.61,-150,-17.5,-50.51,208.3,-84.47,PASS,PASS,PASS,PASS,PASS,PASS,FAIL,PASS,PASS,PASS,PASS,PASS
93,8,7.4,6.7,2,0.05,0,2,2,8.005,8.009,8.007,8.009,0.009236,0.1154,5,0.002982,0.002982,0,125,-84.31,-1005,225,nan,-17.47,-39.22,-150,-17.5,-50.51,125,-91.79,PASS,PASS,PASS,PASS,PASS,PASS,FAIL,PASS,PASS,PASS,PASS,PASS
94,3,7.4,6.7,5,0.05,0,5,5,3.032,3.037,3,3.008,0.03691,1.23,8,0.006871,0.006132,0.001424,291.7,-70.14,-775,395,nan,-14.92,-18.41,-150,-17.5,-54.49,291.7,-73.98,PASS,PASS,PASS,PASS,PASS,PASS,FAIL,PASS,PASS,PASS,PASS,PASS
95,5,7.4,6.7,5,0.05,0,5,5,5.014,5.016,5,5.006,0.01582,0.3165,5,0.003713,0.00407,0.0007853,208.3,-83.31,815,275,nan,-16.98,-26.48,-150,-17.5,-54.49,208.3,-84.47,PASS,PASS,PASS,PASS,PASS,PASS,FAIL,PASS,PASS,PASS,PASS,PASS
96,8,7.4,6.7,5,0.05,0,5,5,8.006,8.012,8.001,8.007,0.01184,0.148,6,0.002222,0.002245,0.0004118,125,-86.97,-1505,225,nan,-17.42,-34.69,-150,-17.5,-54.49,125,-91.79,PASS,PASS,PASS,PASS,PASS,PASS,FAIL,PASS,PASS,PASS,PASS,PASS
97,3,7.4,6.7,0.5,0.1,0,0.5,0.5,3.016,3.019,3.011,3.017,0.01945,0.6483,5,0.005964,0.005964,0,291.7,-71.18,-775,435,nan,-17.33,-31.48,-150,-17.5,-44.49,291.7,-73.98,PASS,PASS,PASS,PASS,PASS,PASS,FAIL,PASS,PASS,PASS,PASS,PASS
98,5,7.4,6.7,0.5,0.1,0,0.5,0.5,5.005,5.006,5.01,5.013,0.0134,0.2681,4,0.005964,0.005964,0,208.3,-82.22,815,275,nan,-17.47,-38.54,-150,-17.5,-44.49,208.3,-84.47,PASS,PASS,PASS,PASS,PASS,PASS,FAIL,PASS,PASS,PASS,PASS,PASS
99,8,7.4,6.7,0.5,0.1,0,0.5,0.5,8,8.004,8.006,8.011,0.01105,0.1381,3,0.005964,0.005964,0,125,-83.4,875,225,nan,-17.49,-45.99,-150,-17.5,-44.49,125,-91.79,PASS,PASS,PASS,PASS,PASS,PASS,FAIL,PASS,PASS,PASS,PASS,PASS
100,3,7.4,6.7,1,0.1,0,1,1,3.028,3.033,3.011,3.015,0.03258,1.086,8,0.006517,0.004217,0,291.7,-70.18,775,395,nan,-16.96,-26.31,-150,-17.5,-47.5,291.7,-73.98,PASS,PASS,PASS,PASS,PASS,PASS,FAIL,PASS,PASS,PASS,PASS,PASS
101,5,7.4,6.7,1,0.1,0,1,1,5.013,5.016,5.008,5.009,0.01595,0.3189,4,0.004217,0.004217,0,208.3,-84.22,-815,275,nan,-17.42,-34.96,-150,-17.5,-47.5,208.3,-84.47,PASS,PASS,PASS,PASS,PASS,PASS,FAIL,PASS,PASS,PASS,PASS,PASS
102,8,7.4,6.7,1,0.1,0,1,1,8.006,8.01,8.004,8.007,0.01041,0.1301,4,0.004217,0.004217,0,125,-86.6,1025,225,nan,-17.49,-42.37,-150,-17.5,-47.5,125,-91.79,PASS,PASS,PASS,PASS,PASS,PASS,FAIL,PASS,PASS,PASS,PASS,PASS
103,3,7.4,6.7,2,0.1,0,2,2,3.013,3.02,3.011,3.016,0.02002,0.6673,4,0.007028,0.006759,0,291.7,-70.99,775,395,nan,-16.27,-22.37,-150,-17.5,-50.51,291.7,-73.98,PASS,PASS,PASS,PASS,PASS,PASS,FAIL,PASS,PASS,PASS,PASS,PASS
104,5,7.4,6.7,2,0.1,0,2,2,5.008,5.013,5.011,5.015,0.01499,0.2998,3,0.003114,0.003566,0,208.3,-83.47,-1545,275,nan,-17.33,-31.61,-150,-17.5,-50.51,208.3,-84.47,PASS,PASS,PASS,PASS,PASS,PASS,FAIL,PASS,PASS,PASS,PASS,PASS
105,8,7.4,6.7,2,0.1,0,2,2,8.004,8.007,8.008,8.01,0.01037,0.1296,5,0.002982,0.002982,0,125,-84.32,-1005,225,nan,-17.48,-40.03,-150,-17.5,-50.51,125,-91.79,PASS,PASS,PASS,PASS,PASS,PASS,FAIL,PASS,PASS,PASS,PASS,PASS
106,3,7.4,6.7,5,0.1,0,5,5,3.031,3.038,3,3.008,0.03826,1.275,7,0.006881,0.005831,0.001416,291.7,-70.37,775,395,nan,-14.51,-17.55,-150,-17.5,-54.49,291.7,-73.98,PASS,PASS,PASS,PASS,PASS,PASS,FAIL,PASS,PASS,PASS,PASS,PASS
107,5,7.4,6.7,5,0.1,0,5,5,5.013,5.02,5.003,5.006,0.0196,0.392,7,0.003903,0.004234,0.0007858,208.3,-82.17,-2255,275,nan,-17.03,-26.96,-150,-17.5,-54.49,208.3,-84.47,PASS,PASS,PASS,PASS,PASS,PASS,FAIL,PASS,PASS,PASS,PASS,PASS
108,8,7.4,6.7,5,0.1,0,5,5,8.006,8.011,8.001,8.007,0.01067,0.1334,5,0.002212,0.002294,0.0004127,125,-86.91,-1375,225,nan,-17.42,-34.67,-150,-17.5,-54.49,125,-91.79,PASS,PASS,PASS,PASS,PASS,PASS,FAIL,PASS,PASS,PASS,PASS,PASS
109,3,7.4,6.7,0.5,0.15,0,0.5,0.5,3.014,3.017,3.011,3.017,0.01744,0.5813,5,0.005964,0.005964,0,291.7,-71.1,775,435,nan,-17.33,-31.51,-150,-17.5,-44.49,291.7,-73.98,PASS,PASS,PASS,PASS,PASS,PASS,FAIL,PASS,PASS,PASS,PASS,PASS
110,5,7.4,6.7,0.5,0.15,0,0.5,0.5,5.004,5.005,5.009,5.011,0.01076,0.2151,8,0.005964,0.005964,0,208.3,-82.47,-815,275,nan,-17.47,-38.53,-150,-17.5,-44.49,208.3,-84.47,PASS,PASS,PASS,PASS,PASS,PASS,FAIL,PASS,PASS,PASS,PASS,PASS
111,8,7.4,6.7,0.5,0.15,0,0.5,0.5,8.001,8.004,8.006,8.011,0.01105,0.1381,3,0.005964,0.005964,0,125,-83.52,1005,225,nan,-17.49,-46,-150,-17.5,-44.49,125,-91.79,PASS,PASS,PASS,PASS,PASS,PASS,FAIL,PASS,PASS,PASS,PASS,PASS
112,3,7.4,6.7,1,0.15,0,1,1,3.025,3.031,3.012,3.015,0.03129,1.043,5,0.006153,0.004217,0,291.7,-70.34,-775,395,nan,-16.97,-26.33,-150,-17.5,-47.5,291.7,-73.98,PASS,PASS,PASS,PASS,PASS,PASS,FAIL,PASS,PASS,PASS,PASS,PASS
113,5,7.4,6.7,1,0.15,0,1,1,5.011,5.013,5.006,5.011,0.01348,0.2695,8,0.004217,0.004217,0,208.3,-84.38,-815,275,nan,-17.41,-34.4,-150,-17.5,-47.5,208.3,-84.47,PASS,PASS,PASS,PASS,PASS,PASS,FAIL,PASS,PASS,PASS,PASS,PASS
114,8,7.4,6.7,1,0.15,0,1,1,8.006,8.009,8.004,8.008,0.008983,0.1123,6,0.004217,0.004217,0,125,-86.53,1025,225,nan,-17.49,-42.83,-150,-17.5,-47.5,125,-91.79,PASS,PASS,PASS,PASS,PASS,PASS,FAIL,PASS,PASS,PASS,PASS,PASS
115,3,7.4,6.7,2,0.15,0,2,2,3.014,3.02,3.013,3.017,0.0203,0.6767,5,0.006952,0.006358,0,291.7,-71.11,-775,395,nan,-16.4,-22.89,-150,-17.5,-50.51,291.7,-73.98,PASS,PASS,PASS,PASS,PASS,PASS,FAIL,PASS,PASS,FAIL,PASS,FAIL
116,5,7.4,6.7,2,0.15,0,2,2,5.006,5.01,5.008,5.014,0.0139,0.2779,5,0.00318,0.003682,0,208.3,-83.56,-815,275,nan,-17.3,-30.76,-150,-17.5,-50.51,208.3,-84.47,PASS,PASS,PASS,PASS,PASS,PASS,FAIL,PASS,PASS,PASS,PASS,PASS
117,8,7.4,6.7,2,0.15,0,2,2,8.005,8.008,8.008,8.01,0.01041,0.1301,6,0.002982,0.002982,0,125,-84.53,1005,225,nan,-17.48,-40.03,-150,-17.5,-50.51,125,-91.79,PASS,PASS,PASS,PASS,PASS,PASS,FAIL,PASS,PASS,PASS,PASS,PASS
118,3,7.4,6.7,5,0.15,0,5,5,3.032,3.037,3,3.009,0.03695,1.232,5,0.006946,0.005957,0.001417,291.7,-70.42,-775,395,nan,-14.6,-17.72,-150,-17.5,-54.49,291.7,-73.98,PASS,PASS,PASS,PASS,PASS,PASS,FAIL,PASS,PASS,PASS,PASS,PASS
119,5,7.4,6.7,5,0.15,0,5,5,5.014,5.016,5,5.006,0.01584,0.3169,5,0.003713,0.004176,0.0007856,208.3,-83.55,2255,275,nan,-17.05,-27.12,-150,-17.5,-54.49,208.3,-84.47,PASS,PASS,PASS,PASS,PASS,PASS,FAIL,PASS,PASS,PASS,PASS,PASS
120,8,7.4,6.7,5,0.15,0,5,5,8.006,8.011,8.004,8.006,0.01079,0.1349,8,0.002221,0.002296,0.0004117,125,-84.94,-2185,225,nan,-17.45,-36.64,-150,-17.5,-54.49,125,-91.79,PASS,PASS,PASS,PASS,PASS,PASS,FAIL,PASS,PASS,PASS,PASS,PASS
121,3,7.4,6.7,0.5,0.2,0,0.5,0.5,3.015,3.02,3.011,3.017,0.02012,0.6705,8,0.005964,0.005964,0,291.7,-71.04,-775,435,nan,-17.33,-31.48,-150,-17.5,-44.49,291.7,-73.98,PASS,PASS,PASS,PASS,PASS,PASS,FAIL,PASS,PASS,FAIL,PASS,FAIL
122,5,7.4,6.7,0.5,0.2,0,0.5,0.5,5.004,5.006,5.009,5.013,0.01326,0.2653,5,0.005964,0.005964,0,208.3,-82.55,815,275,nan,-17.47,-38.54,-150,-17.5,-44.49,208.3,-84.47,PASS,PASS,PASS,PASS,PASS,PASS,FAIL,PASS,PASS,PASS,PASS,PASS
123,8,7.4,6.7,0.5,0.2,0,0.5,0.5,8,8.004,8.006,8.011,0.01105,0.1381,3,0.005964,0.005964,0,125,-83.51,875,225,nan,-17.49,-45.99,-150,-17.5,-44.49,125,-91.79,PASS,PASS,PASS,PASS,PASS,PASS,FAIL,PASS,PASS,PASS,PASS,PASS
124,3,7.4,6.7,1,0.2,0,1,1,3.025,3.032,3.01,3.016,0.03177,1.059,6,0.006311,0.004217,0,291.7,-70.27,775,395,nan,-16.97,-26.41,-150,-17.5,-47.5,291.7,-73.98,PASS,PASS,PASS,PASS,PASS,PASS,FAIL,PASS,PASS,PASS,PASS,PASS
125,5,7.4,6.7,1,0.2,0,1,1,5.012,5.015,5.008,5.011,0.01539,0.3078,7,0.004217,0.004217,0,208.3,-84.74,-1005,275,nan,-17.42,-34.91,-150,-17.5,-47.5,208.3,-84.47,PASS,PASS,PASS,PASS,PASS,PASS,FAIL,PASS,PASS,PASS,PASS,PASS
126,8,7.4,6.7,1,0.2,0,1,1,8.005,8.011,8.004,8.008,0.01058,0.1322,4,0.004217,0.004217,0,125,-86.51,1025,225,nan,-17.49,-42.83,-150,-17.5,-47.5,125,-91.79,PASS,PASS,PASS,PASS,PASS,PASS,FAIL,PASS,PASS,PASS,PASS,PASS
127,3,7.4,6.7,2,0.2,0,2,2,3.016,3.02,3.012,3.018,0.01989,0.663,5,0.006781,0.006409,0,291.7,-70.95,-775,395,nan,-16.27,-22.37,-150,-17.5,-50.51,291.7,-73.98,PASS,PASS,PASS,PASS,PASS,PASS,FAIL,PASS,PASS,FAIL,PASS,FAIL
128,5,7.4,6.7,2,0.2,0,2,2,5.007,5.011,5.01,5.014,0.01378,0.2756,5,0.002986,0.00354,0,208.3,-83.69,-815,275,nan,-17.36,-32.25,-150,-17.5,-50.51,208.3,-84.47,PASS,PASS,PASS,PASS,PASS,PASS,FAIL,PASS,PASS,PASS,PASS,FAIL
129,8,7.4,6.7,2,0.2,0,2,2,8.005,8.008,8.006,8.009,0.009176,0.1147,4,0.002982,0.002982,0,125,-84.65,-1005,225,nan,-17.47,-39.22,-150,-17.5,-50.51,125,-91.79,PASS,PASS,PASS,PASS,PASS,PASS,FAIL,PASS,PASS,PASS,PASS,PASS
130,3,7.4,6.7,5,0.2,0,5,5,3.031,3.037,3,3.008,0.03707,1.236,3,0.006945,0.005788,0.001424,291.7,-70.43,775,395,nan,-14.51,-17.55,-150,-17.5,-54.49,291.7,-73.98,PASS,PASS,PASS,PASS,PASS,PASS,FAIL,PASS,PASS,PASS,PASS,FAIL
131,5,7.4,6.7,5,0.2,0,5,5,5.014,5.018,5,5.006,0.01797,0.3595,3,0.003739,0.004046,0.0007826,208.3,-82.8,-2255,275,nan,-17.05,-27.12,-150,-17.5,-54.49,208.3,-84.47,PASS,PASS,PASS,PASS,PASS,PASS,FAIL,PASS,PASS,PASS,PASS,PASS
132,8,7.4,6.7,5,0.2,0,5,5,8.006,8.01,8.003,8.007,0.009781,0.1223,8,0.002247,0.002379,0.0004126,125,-86.09,2185,225,nan,-17.44,-36.26,-150,-17.5,-54.49,125,-91.79,PASS,PASS,PASS,PASS,PASS,PASS,FAIL,PASS,PASS,PASS,PASS,PASS
133,3,7.4,6.7,0.5,0.25,0,0.5,0.5,3.014,3.018,3.011,3.018,0.01769,0.5896,5,0.006002,0.005964,0,291.7,-71.21,775,435,nan,-17.23,-29.48,-150,-17.5,-44.49,291.7,-73.98,PASS,PASS,PASS,PASS,PASS,PASS,FAIL,PASS,PASS,FAIL,PASS,FAIL
134,5,7.4,6.7,0.5,0.25,0,0.5,0.5,5.004,5.007,5.009,5.013,0.01326,0.2653,5,0.005964,0.005964,0,208.3,-82.24,815,275,nan,-17.47,-38.54,-150,-17.5,-44.49,208.3,-84.47,PASS,PASS,PASS,PASS,PASS,PASS,FAIL,PASS,PASS,FAIL,FAIL,FAIL
135,8,7.4,6.7,0.5,0.25,0,0.5,0.5,8,8.003,8.006,8.011,0.01105,0.1381,3,0.005964,0.005964,0,125,-83.58,1005,225,nan,-17.49,-45.3,-150,-17.5,-44.49,125,-91.79,PASS,PASS,PASS,PASS,PASS,PASS,FAIL,PASS,PASS,PASS,FAIL,PASS
136,3,7.4,6.7,1,0.25,0,1,1,3.027,3.031,3.01,3.017,0.03131,1.044,5,0.00617,0.004217,0,291.7,-70.35,-775,395,nan,-16.88,-25.65,-150,-17.5,-47.5,291.7,-73.98,PASS,PASS,PASS,PASS,PASS,PASS,FAIL,PASS,PASS,FAIL,PASS,FAIL
137,5,7.4,6.7,1,0.25,0,1,1,5.013,5.016,5.008,5.012,0.0161,0.3219,4,0.004217,0.004217,0,208.3,-84.26,-815,275,nan,-17.42,-34.98,-150,-17.5,-47.5,208.3,-84.47,PASS,PASS,PASS,PASS,PASS,PASS,FAIL,PASS,PASS,PASS,PASS,PASS
138,8,7.4,6.7,1,0.25,0,1,1,8.006,8.011,8.004,8.009,0.01052,0.1315,6,0.004217,0.004217,0,125,-86.65,-1005,225,nan,-17.49,-42.37,-150,-17.5,-47.5,125,-91.79,PASS,PASS,PASS,PASS,PASS,PASS,FAIL,PASS,PASS,PASS,PASS,PASS
139,3,7.4,6.7,2,0.25,0,2,2,3.012,3.02,3.011,3.017,0.02044,0.6813,5,0.007001,0.006425,0,291.7,-71.05,-775,395,nan,-16.4,-22.89,-150,-17.5,-50.51,291.7,-73.98,PASS,PASS,PASS,PASS,PASS,PASS,FAIL,PASS,PASS,FAIL,PASS,FAIL
140,5,7.4,6.7,2,0.25,0,2,2,5.007,5.009,5.011,5.015,0.01522,0.3044,5,0.002982,0.003706,0,208.3,-83.66,-815,275,nan,-17.34,-31.68,-150,-17.5,-50.51,208.3,-84.47,PASS,PASS,PASS,PASS,PASS,PASS,FAIL,PASS,PASS,FAIL,FAIL,FAIL
141,8,7.4,6.7,2,0.25,0,2,2,8.004,8.009,8.006,8.009,0.008917,0.1115,7,0.002982,0.002982,0,125,-84.46,1005,225,nan,-17.48,-40.03,-150,-17.5,-50.51,125,-91.79,PASS,PASS,PASS,PASS,PASS,PASS,FAIL,PASS,PASS,PASS,FAIL,FAIL
142,3,7.4,6.7,5,0.25,0,5,5,3.033,3.035,3,3.009,0.03516,1.172,5,0.006936,0.00612,0.001424,291.7,-70.32,775,395,nan,-15.13,-18.88,-150,-17.5,-54.49,291.7,-73.98,PASS,PASS,PASS,PASS,PASS,PASS,FAIL,PASS,PASS,PASS,PASS,FAIL
143,5,7.4,6.7,5,0.25,0,5,5,5.014,5.016,4.999,5.004,0.01643,0.3286,3,0.003743,0.00372,0.0007835,208.3,-83.66,815,275,nan,-17.03,-26.96,-150,-17.5,-54.49,208.3,-84.47,PASS,PASS,PASS,PASS,PASS,PASS,FAIL,PASS,PASS,PASS,PASS,PASS
144,8,7.4,6.7,5,0.25,0,5,5,8.007,8.01,8.003,8.007,0.01011,0.1264,6,0.002215,0.002218,0.0004117,125,-86.93,1375,225,nan,-17.44,-36.26,-150,-17.5,-54.49,125,-91.79,PASS,PASS,PASS,PASS,PASS,PASS,FAIL,PASS,PASS,PASS,PASS,PASS
145,3,7.4,6.7,0.5,0.3,0,0.5,0.5,3.014,3.017,3.011,3.017,0.01743,0.5812,5,0.005964,0.005964,0,291.7,-71.21,775,435,nan,-17.33,-31.51,-150,-17.5,-44.49,291.7,-73.98,PASS,PASS,PASS,PASS,PASS,PASS,FAIL,PASS,PASS,FAIL,FAIL,FAIL
146,5,7.4,6.7,0.5,0.3,0,0.5,0.5,5.004,5.006,5.009,5.013,0.0134,0.2681,5,0.005964,0.005964,0,208.3,-82.44,815,275,nan,-17.47,-38.53,-150,-17.5,-44.49,208.3,-84.47,PASS,PASS,PASS,PASS,PASS,PASS,FAIL,PASS,PASS,FAIL,FAIL,FAIL
147,8,7.4,6.7,0.5,0.3,0,0.5,0.5,8.001,8.002,8.006,8.011,0.01105,0.1381,3,0.005964,0.005964,0,125,-83.42,875,225,nan,-17.49,-45.15,-150,-17.5,-44.49,125,-91.79,PASS,PASS,PASS,PASS,PASS,PASS,FAIL,PASS,PASS,PASS,FAIL,FAIL
148,3,7.4,6.7,1,0.3,0,1,1,3.025,3.03,3.011,3.015,0.02998,0.9993,7,0.006324,0.004217,0,291.7,-70.28,775,395,nan,-16.88,-25.64,-150,-17.5,-47.5,291.7,-73.98,PASS,PASS,PASS,PASS,PASS,PASS,FAIL,PASS,PASS,FAIL,PASS,FAIL
149,5,7.4,6.7,1,0.3,0,1,1,5.013,5.016,5.007,5.012,0.0161,0.3219,4,0.004217,0.004217,0,208.3,-84.47,1005,275,nan,-17.41,-34.3,-150,-17.5,-47.5,208.3,-84.47,PASS,PASS,PASS,PASS,PASS,PASS,FAIL,PASS,PASS,PASS,PASS,FAIL
150,8,7.4,6.7,1,0.3,0,1,1,8.007,8.01,8.005,8.007,0.01041,0.1301,4,0.004217,0.004217,0,125,-86.54,1025,225,nan,-17.49,-42.37,-150,-17.5,-47.5,125,-91.79,PASS,PASS,PASS,PASS,PASS,PASS,FAIL,PASS,PASS,PASS,PASS,PASS
151,3,7.4,6.7,2,0.3,0,2,2,3.015,3.021,3.011,3.017,0.02069,0.6897,6,0.006963,0.006586,0,291.7,-70.92,-775,395,nan,-16.27,-22.37,-150,-17.5,-50.51,291.7,-73.98,PASS,PASS,PASS,PASS,PASS,PASS,FAIL,PASS,PASS,FAIL,FAIL,FAIL
152,5,7.4,6.7,2,0.3,0,2,2,5.007,5.01,5.011,5.014,0.0139,0.2779,5,0.002993,0.00354,0,208.3,-83.78,815,275,nan,-17.34,-31.68,-150,-17.5,-50.51,208.3,-84.47,PASS,PASS,PASS,PASS,PASS,PASS,FAIL,PASS,PASS,FAIL,FAIL,FAIL
153,8,7.4,6.7,2,0.3,0,2,2,8.004,8.008,8.005,8.008,0.008047,0.1006,4,0.002982,0.002982,0,125,-84.6,-1005,225,nan,-17.48,-40.03,-150,-17.5,-50.51,125,-91.79,PASS,PASS,PASS,PASS,PASS,PASS,FAIL,PASS,PASS,PASS,FAIL,FAIL
154,3,7.4,6.7,5,0.3,0,5,5,3.032,3.039,2.999,3.009,0.03863,1.288,7,0.006705,0.005963,0.00143,291.7,-70.34,-775,395,nan,-14.92,-18.41,-150,-17.5,-54.49,291.7,-73.98,PASS,PASS,PASS,PASS,PASS,PASS,FAIL,PASS,PASS,FAIL,PASS,FAIL
155,5,7.4,6.7,5,0.3,0,5,5,5.015,5.017,5.001,5.006,0.01694,0.3387,7,0.003715,0.004304,0.0007837,208.3,-82.26,2205,275,nan,-17.05,-27.13,-150,-17.5,-54.49,208.3,-84.47,PASS,PASS,PASS,PASS,PASS,PASS,FAIL,PASS,PASS,PASS,PASS,FAIL
156,8,7.4,6.7,5,0.3,0,5,5,8.007,8.012,8.003,8.007,0.01169,0.1461,7,0.002235,0.002243,0.0004117,125,-86.98,-1505,225,nan,-17.42,-34.8,-150,-17.5,-54.49,125,-91.79,PASS,PASS,PASS,PASS,PASS,PASS,FAIL,PASS,PASS,PASS,PASS,PASS
