layout,metric,base,band_up,band_dn,band_up_without_sink_path,largest_inputs
A5-DC/DL,tj_pk,109.8198,0.8210,0.0883,0.6181,p_lm2940 [DD] 0.2 K; vent_area_dc [E] 0.2 K; a_guard_end [DD] 0.2 K
A5-DC/DL,case_d,87.3661,6.0676,3.0984,5.9676,a5_idd [DD] 4.6 K; r_feed [E] 2.6 K; a5_rjc2 [D] 2.3 K
A5-DC/DL,petg_d,60.0871,6.3179,3.1224,6.0670,vent_area_dc [E] 3.2 K; r_feed [E] 3.1 K; relay_hold [E] 2.4 K
A5-DC/DL,bay_d,61.4275,7.4319,3.4683,7.1958,vent_area_dc [E] 4.7 K; relay_hold [E] 2.9 K; cd_vent [E] 2.9 K
A5-DC/DL,cell_d,58.9120,6.5521,3.8593,6.2571,r_feed [E] 4.4 K; k_orient [E] 2.5 K; r_cellpath [E] 2.4 K
A5-DC/DL,main_d,57.8120,6.0738,3.3096,5.9327,r_feed [E] 4.8 K; a_mw [E] 2.1 K; p_lm2940 [DD] 1.7 K
A5-DC/DL,fr4_d,66.3712,6.0991,3.6391,5.6799,vent_area_dc [E] 2.9 K; a5_idd [DD] 2.7 K; k_orient [E] 2.3 K
A5-DC/DL,cell30,50.6750,1.9223,1.2198,1.9222,r_cellpath [E] 1.1 K; r_feed [E] 1.1 K; p_lm2940 [DD] 0.6 K
A5-DC/DL,main30,54.9195,3.4945,2.2759,3.4939,r_feed [E] 2.6 K; p_lm2940 [DD] 1.6 K; a_mw [E] 1.4 K
A5-DC/DL,tj_300,107.0576,6.4423,10.8302,4.3053,a5_idd [DD] 8.6 K; r_feed [E] 4.7 K; k_orient [E] 4.2 K
A5-DC/DL,tj_180,95.8368,4.9410,9.1394,4.2341,a5_idd [DD] 7.3 K; r_feed [E] 4.0 K; r_spread_x [E] 2.7 K
A5-DC/DL,surf5,32.2864,2.4407,2.8107,0.4437,r_frac [E] 1.3 K; guard_solid [E] 1.1 K; v_g [E] 1.1 K
A5-DC/DL,case_ss,105.6945,19.8531,9.5577,3.9204,k_orient [E] 19.3 K; a5_idd [DD] 5.3 K; r_spread_x [E] 2.9 K
A5-DC/DL,tj_ss,125.9480,19.9691,12.3628,4.4710,k_orient [E] 19.3 K; a5_idd [DD] 8.5 K; r_feed [E] 4.5 K
A5-DC/DL,duty,0.6027,0.2717,0.2139,0.2277,a5_idd [DD] 0.2 K; k_orient [E] 0.2 K; r_feed [E] 0.1 K
A5-DC/CAP,tj_pk,95.8288,10.2326,9.4039,4.1497,k_orient [E] 9.1 K; a5_idd [DD] 6.8 K; r_feed [E] 3.7 K
A5-DC/CAP,case_d,72.0249,9.4227,5.6312,1.3828,k_orient [E] 9.0 K; a5_idd [DD] 3.1 K; r_feed [E] 1.7 K
A5-DC/CAP,petg_d,56.5892,4.0818,1.7241,4.0620,relay_hold [E] 2.5 K; vent_area_dc [E] 2.2 K; cd_vent [E] 1.5 K
A5-DC/CAP,bay_d,57.2847,5.1496,1.6572,5.1156,vent_area_dc [E] 3.3 K; relay_hold [E] 3.2 K; cd_vent [E] 2.0 K
A5-DC/CAP,cell_d,55.4627,3.4934,2.3558,3.4928,r_feed [E] 1.7 K; g_cell_wall [E] 1.5 K; p_lm2940 [DD] 1.4 K
A5-DC/CAP,main_d,55.4206,3.5248,2.5535,3.5238,r_feed [E] 2.1 K; p_lm2940 [DD] 1.8 K; a_mw [E] 1.8 K
A5-DC/CAP,fr4_d,59.7328,4.2520,2.2035,3.3419,k_orient [E] 2.3 K; vent_area_dc [E] 2.1 K; relay_hold [E] 2.0 K
A5-DC/CAP,cell30,50.6750,1.9223,1.2198,1.9222,r_cellpath [E] 1.1 K; r_feed [E] 1.1 K; p_lm2940 [DD] 0.6 K
A5-DC/CAP,main30,54.9195,3.4945,2.2759,3.4939,r_feed [E] 2.6 K; p_lm2940 [DD] 1.6 K; a_mw [E] 1.4 K
A5-DC/CAP,tj_300,107.0576,6.4423,10.8302,4.3053,a5_idd [DD] 8.6 K; r_feed [E] 4.7 K; k_orient [E] 4.2 K
A5-DC/CAP,tj_180,95.8368,4.9410,9.1394,4.2341,a5_idd [DD] 7.3 K; r_feed [E] 4.0 K; r_spread_x [E] 2.7 K
A5-DC/CAP,surf5,32.2864,2.4407,2.8107,0.4437,r_frac [E] 1.3 K; guard_solid [E] 1.1 K; v_g [E] 1.1 K
A5-DC/CAP,case_ss,105.6945,19.8531,9.5577,3.9204,k_orient [E] 19.3 K; a5_idd [DD] 5.3 K; r_spread_x [E] 2.9 K
A5-DC/CAP,tj_ss,125.9480,19.9691,12.3628,4.4710,k_orient [E] 19.3 K; a5_idd [DD] 8.5 K; r_feed [E] 4.5 K
A5-DC/CAP,duty,0.3500,0.0000,0.0000,0.0000,vent_area_dc [E] 0.0 K; vent_area [E] 0.0 K; v_g [E] 0.0 K
A5-CL,tj_pk,100.0291,11.5714,9.7456,4.3361,k_orient [E] 10.4 K; a5_idd [DD] 6.6 K; r_feed [E] 3.6 K
A5-CL,case_d,76.2253,10.8602,6.2900,1.8617,k_orient [E] 10.4 K; a5_idd [DD] 2.9 K; p_lm2940 [DD] 1.7 K
A5-CL,petg_d,55.0191,4.0227,2.1111,2.4893,relay_hold [E] 1.6 K; vent_area_dc [E] 1.6 K; k_orient [E] 1.5 K
A5-CL,bay_d,56.5635,4.8730,1.6173,4.8239,relay_hold [E] 3.1 K; vent_area_dc [E] 3.0 K; cd_vent [E] 1.8 K
A5-CL,cell_d,51.9554,2.8644,1.3992,2.8634,r_feed [E] 1.7 K; r_cellpath [E] 1.4 K; g_cell_wall [E] 1.1 K
A5-CL,main_d,50.9692,2.7452,1.1723,2.7434,r_feed [E] 2.2 K; a_mw [E] 1.1 K; p_pico [E] 0.6 K
A5-CL,fr4_d,60.4948,4.5476,2.4888,3.4084,k_orient [E] 2.6 K; relay_hold [E] 2.2 K; vent_area_dc [E] 1.9 K
A5-CL,cell30,49.1123,1.7064,0.7708,1.7062,r_cellpath [E] 1.1 K; r_feed [E] 1.1 K; a5_idd [DD] 0.5 K
A5-CL,main30,50.9789,3.0405,1.1506,3.0397,r_feed [E] 2.7 K; a_mw [E] 0.8 K; p_pico [E] 0.6 K
A5-CL,tj_300,108.7201,6.5463,10.7770,4.3621,a5_idd [DD] 8.4 K; r_feed [E] 4.6 K; k_orient [E] 4.3 K
A5-CL,tj_180,96.9138,4.9803,9.0742,4.2641,a5_idd [DD] 7.2 K; r_feed [E] 4.0 K; r_spread_x [E] 2.7 K
A5-CL,surf5,32.6410,2.5631,2.9293,0.4924,r_frac [E] 1.3 K; guard_solid [E] 1.1 K; v_g [E] 1.1 K
A5-CL,lm_ss,103.6851,23.1670,7.5185,0.9162,k_orient [E] 23.0 K; a5_idd [DD] 3.7 K; k_cat [DD] 2.0 K
A5-CL,case_ss,107.4011,23.4575,8.2859,3.9514,k_orient [E] 22.9 K; a5_idd [DD] 4.4 K; r_spread_x [E] 2.9 K
A5-CL,tj_ss,127.6546,23.5558,11.0461,4.4982,k_orient [E] 22.9 K; a5_idd [DD] 7.6 K; r_feed [E] 3.9 K
A5-CL,duty,0.3500,0.0000,0.0000,0.0000,vent_area_dc [E] 0.0 K; vent_area [E] 0.0 K; v_g [E] 0.0 K
