k_orient,R5,R10,tj_pk,case_d,cell_d,petg_d
0.9000,4.9166,4.3076,91.8719,68.0896,51.8968,54.1326
0.9500,5.1334,4.4673,92.8607,69.0709,51.9042,54.1775
1.0000,5.3466,4.6234,93.8006,70.0095,51.9112,54.2198
1.0500,5.5564,4.7795,94.7265,70.9340,51.9180,54.2609
1.1000,5.7635,4.9326,95.6389,71.8449,51.9246,54.3011
1.1500,5.9695,5.0826,96.5384,72.7428,51.9310,54.4538
1.2000,6.1726,5.2178,97.4256,73.6282,51.9373,54.6013
1.2500,6.3729,5.3463,98.3008,74.5016,51.9434,54.7442
1.3000,6.5706,5.4723,99.1673,75.3640,51.9494,54.8829
1.3500,6.7656,5.5759,100.0291,76.2253,51.9554,55.0191
1.4000,6.9582,5.6604,100.8820,77.0761,51.9612,55.1516
1.4500,7.1484,5.7434,101.7247,77.9168,51.9670,55.2806
1.5000,7.3363,5.8249,102.5577,78.7477,51.9726,55.4064
1.5500,7.5219,5.9116,103.3813,79.5691,51.9781,55.5292
1.6000,7.7054,6.0918,104.1957,80.3814,51.9835,55.6492
1.6500,7.8867,6.2717,105.0012,81.1848,51.9889,55.7665
1.7000,8.0661,6.4512,105.7982,81.9795,51.9942,55.8813
1.7500,8.2431,6.6302,106.5867,82.7659,51.9993,55.9938
1.8000,8.4012,6.8089,107.3671,83.5441,52.0045,56.1040
1.8500,8.5574,6.9873,108.1396,84.3144,52.0095,56.2121
1.9000,8.7117,7.1652,108.9045,85.0770,52.0145,56.3182
1.9500,8.8641,7.3428,109.6618,85.8322,52.0194,56.4224
2.0000,9.0147,7.5200,110.4118,86.5800,52.0242,56.5249
2.0500,9.1637,7.6969,111.1517,87.3208,52.0290,56.6255
2.1000,9.3122,7.8734,111.8559,88.0408,52.0336,56.7227
2.1500,9.4613,8.0495,112.5203,88.6965,52.0378,56.8106
2.2000,9.6090,8.2253,113.1707,89.3453,52.0420,56.8971
2.2500,9.7551,8.4007,113.8143,89.9873,52.0461,56.9822
2.3000,9.8997,8.5758,114.4514,90.6227,52.0501,57.0660
2.3500,10.0429,8.7505,115.0821,91.2518,52.0541,57.1485
2.4000,10.1847,8.9249,115.7066,91.8747,52.0581,57.2298
2.4500,10.3160,9.0990,116.3261,92.4916,52.0620,57.3099
2.5000,10.4401,9.2727,116.9451,93.1048,52.0658,57.3892
2.5500,10.5629,9.4460,117.5650,93.7247,52.0697,57.4690
2.6000,10.6845,9.6191,118.1809,94.3389,52.0736,57.5477
