case,t_on_ms,clamp_release_ms,vgs_on_v,drop_mv,inrush_a,bus_dip_mv,vgs_off_v,vtx5_keyup_mv,t_off_ms,clamp_gate_keyup_v,vgg_keyup_mv,pre_permit_off,keyup_dbm_L1,keyup_dbm_L2,keyup_dbm_L3,keyup_dbm_L4,vgg_top_v,all_pass
1,0.000585127,0.0001045,-4.25815,6.90079,2.03448,30.6201,-9.53674e-07,0.376111,0.778868,4.74987,3.86615e-06,2.31e-08,-58.3368,-38.7675,-88.3368,-33.9936,2.74728,True
2,0.000585127,0.0001045,-4.25815,6.90079,2.03448,30.6201,-9.53674e-07,0.367008,0.780636,4.74983,7.90328,2.31e-08,-58.3368,-38.7675,-88.3368,-33.9936,3.1027,True
3,0.000571925,9.66979e-05,-4.2587,6.90079,2.04003,30.6139,-9.53674e-07,0.355184,0.779787,4.74997,1.0606e-06,2.31e-08,-58.3368,-38.7675,-88.3368,-33.9936,2.74728,True
4,0.000571925,9.66979e-05,-4.2587,6.90079,2.04003,30.6139,-9.53674e-07,0.354012,0.778123,4.74991,7.90328,2.31e-08,-58.3368,-38.7675,-88.3368,-33.9936,3.1027,True
5,0.00066159,0.0001045,-4.25816,7.28226,1.83059,30.7045,-9.53674e-07,0.354922,0.775603,4.74989,3.16684e-06,2.31e-08,-58.3368,-38.7675,-88.3368,-33.9936,2.74728,True
6,0.00066159,0.0001045,-4.25816,7.28226,1.83059,30.7045,-9.53674e-07,0.379591,0.778311,4.74991,7.90328,2.31e-08,-58.3368,-38.7675,-88.3368,-33.9936,3.1027,True
7,0.000666614,9.66979e-05,-4.2587,7.28226,1.83621,30.6759,-9.53674e-07,0.354716,0.775617,4.74994,1.62168e-06,2.31e-08,-58.3368,-38.7675,-88.3368,-33.9936,2.74728,True
8,0.000666614,9.66979e-05,-4.2587,7.28226,1.83621,30.6759,-9.53674e-07,0.353831,0.775618,4.74997,7.90328,2.31e-08,-58.3368,-38.7675,-88.3368,-33.9936,3.1027,True
9,0.00120418,0.0001045,-4.25819,9.82523,1.04287,30.479,-9.53674e-07,0.349895,0.769553,4.74984,4.51403e-06,2.31e-08,-58.3368,-38.7675,-88.3368,-33.9936,2.74729,True
10,0.00120418,0.0001045,-4.25819,9.82523,1.04287,30.479,-9.53674e-07,0.347243,0.76973,4.74992,7.90328,2.31e-08,-58.3368,-38.7675,-88.3368,-33.9936,3.1027,True
11,0.00120197,9.66979e-05,-4.25873,9.82237,1.02205,30.5223,-9.53674e-07,0.342521,0.771373,4.74992,2.25107e-06,2.31e-08,-58.3368,-38.7675,-88.3368,-33.9936,2.74729,True
12,0.00120197,9.66979e-05,-4.25873,9.82237,1.02205,30.5223,-9.53674e-07,0.344981,0.768807,4.74988,7.90328,2.31e-08,-58.3368,-38.7675,-88.3368,-33.9936,3.1027,True
13,0.000572709,8.48271e-05,-4.26101,6.89697,2.04248,30.7479,-9.53674e-07,0.379766,0.778872,4.74998,8.2294e-07,2.31e-08,-58.3368,-38.7675,-88.3368,-33.9936,2.74728,True
14,0.000572709,8.48271e-05,-4.26101,6.89697,2.04248,30.7479,-9.53674e-07,0.375661,0.77896,4.74993,7.90328,2.31e-08,-58.3368,-38.7675,-88.3368,-33.9936,3.1027,True
15,0.000567992,7.97385e-05,-4.26144,6.8965,2.04338,30.7117,-9.53674e-07,0.381842,0.779406,4.74999,2.43228e-07,2.31e-08,-58.3368,-38.7675,-88.3368,-33.9936,2.74728,True
16,0.000567992,7.97385e-05,-4.26144,6.8965,2.04338,30.7117,-9.53674e-07,0.377956,0.780334,4.74984,7.90328,2.31e-08,-58.3368,-38.7675,-88.3368,-33.9936,3.1027,True
17,0.00065871,8.48271e-05,-4.26102,7.27797,1.83676,30.7441,-9.53674e-07,0.379794,0.77429,4.74995,1.49601e-06,2.31e-08,-58.3368,-38.7675,-88.3368,-33.9936,2.74728,True
18,0.00065871,8.48271e-05,-4.26102,7.27797,1.83676,30.7441,-9.53674e-07,0.366248,0.775151,4.74995,7.90328,2.31e-08,-58.3368,-38.7675,-88.3368,-33.9936,3.1027,True
19,0.000654881,7.97385e-05,-4.26145,7.27797,1.83436,30.7317,-9.53674e-07,0.354459,0.775719,4.74986,4.05385e-06,2.31e-08,-58.3368,-38.7675,-88.3368,-33.9936,2.74728,True
20,0.000654881,7.97385e-05,-4.26145,7.27797,1.83436,30.7317,-9.53674e-07,0.354996,0.775679,4.74985,7.90328,2.31e-08,-58.3368,-38.7675,-88.3368,-33.9936,3.1027,True
21,0.0011898,8.48271e-05,-4.26105,9.81474,1.04562,30.6029,-9.53674e-07,0.345948,0.770345,4.75,5.39988e-08,2.31e-08,-58.3368,-38.7675,-88.3368,-33.9936,2.74729,True
22,0.0011898,8.48271e-05,-4.26105,9.81474,1.04562,30.6029,-9.53674e-07,0.353594,0.770191,4.74995,7.90328,2.31e-08,-58.3368,-38.7675,-88.3368,-33.9936,3.1027,True
23,0.00118662,7.97385e-05,-4.26148,9.81331,1.05266,30.6044,-9.53674e-07,0.360134,0.770885,4.74981,5.51868e-06,2.31e-08,-58.3368,-38.7675,-88.3368,-33.9936,2.74729,True
24,0.00118662,7.97385e-05,-4.26148,9.81331,1.05266,30.6044,-9.53674e-07,0.368143,0.768359,4.74986,7.90328,2.31e-08,-58.3368,-38.7675,-88.3368,-33.9936,3.1027,True
25,0.000550837,0.000117469,-4.7049,8.33559,2.43711,39.1417,-1.43051e-06,0.382604,0.779496,5.24991,2.56762e-06,2.53e-08,-58.3368,-38.7675,-88.3368,-33.9936,2.74679,True
26,0.000550837,0.000117469,-4.7049,8.33559,2.43711,39.1417,-1.43051e-06,0.382561,0.779334,5.24995,7.76471,2.53e-08,-58.3368,-38.7675,-88.3368,-33.9936,3.42869,True
27,0.000549724,9.88753e-05,-4.70551,8.33559,2.44022,39.1226,-1.43051e-06,0.38268,0.780383,5.24977,6.59544e-06,2.53e-08,-58.3368,-38.7675,-88.3368,-33.9936,2.74679,True
28,0.000549724,9.88753e-05,-4.70551,8.33559,2.44022,39.1226,-9.53674e-07,0.382636,0.779413,5.24998,7.76471,2.53e-08,-58.3368,-38.7675,-88.3368,-33.9936,3.42869,True
29,0.000626496,0.000117469,-4.70491,8.72469,2.20121,39.1231,-9.53674e-07,0.382546,0.776847,5.2499,2.91782e-06,2.53e-08,-58.3368,-38.7675,-88.3368,-33.9936,2.74679,True
30,0.000626496,0.000117469,-4.70491,8.72469,2.20121,39.1231,-9.53674e-07,0.359907,0.775884,5.24998,7.76471,2.53e-08,-58.3368,-38.7675,-88.3368,-33.9936,3.42869,True
31,0.000616643,9.88753e-05,-4.70551,8.72469,2.20555,39.1307,-9.53674e-07,0.365845,0.777926,5.24975,5.98901e-06,2.53e-08,-58.3368,-38.7675,-88.3368,-33.9936,2.74679,True
32,0.000616643,9.88753e-05,-4.70551,8.72469,2.20555,39.1307,-9.53674e-07,0.375635,0.779195,5.24986,7.76471,2.53e-08,-58.3368,-38.7675,-88.3368,-33.9936,3.42869,True
33,0.0010734,0.000117469,-4.70494,11.1461,1.35499,38.8503,-9.53674e-07,0.373118,0.772197,5.24993,2.1041e-06,2.53e-08,-58.3368,-38.7675,-88.3368,-33.9936,2.7468,True
34,0.0010734,0.000117469,-4.70494,11.1461,1.35499,38.8503,-9.53674e-07,0.373181,0.771621,5.24983,7.76471,2.53e-08,-58.3368,-38.7675,-88.3368,-33.9936,3.42869,True
35,0.00106594,9.88753e-05,-4.70554,11.1446,1.37034,39,-9.53674e-07,0.344589,0.772882,5.24999,1.30377e-07,2.53e-08,-58.3368,-38.7675,-88.3368,-33.9936,2.7468,True
36,0.00106594,9.88753e-05,-4.70554,11.1446,1.37034,39,-9.53674e-07,0.350327,0.772846,5.24997,7.76471,2.53e-08,-58.3368,-38.7675,-88.3368,-33.9936,3.42869,True
37,0.000537234,9.49137e-05,-4.70792,8.33273,2.44103,39.1326,-9.53674e-07,0.38157,0.781077,5.24996,1.25454e-06,2.53e-08,-58.3368,-38.7675,-88.3368,-33.9936,2.74679,True
38,0.000537234,9.49137e-05,-4.70792,8.33273,2.44103,39.1326,-9.53674e-07,0.383218,0.782167,5.24985,7.76471,2.53e-08,-58.3368,-38.7675,-88.3368,-33.9936,3.42869,True
39,0.000532663,8.33746e-05,-4.7084,8.33225,2.444,39.0573,-9.53674e-07,0.360212,0.781315,5.24995,1.41889e-06,2.53e-08,-58.3368,-38.7675,-88.3368,-33.9936,2.74679,True
40,0.000532663,8.33746e-05,-4.7084,8.33225,2.444,39.0573,-9.53674e-07,0.378154,0.780059,5.24993,7.76471,2.53e-08,-58.3368,-38.7675,-88.3368,-33.9936,3.42869,True
41,0.000613774,9.49137e-05,-4.70793,8.72087,2.20893,38.9557,-9.53674e-07,0.379279,0.777524,5.24985,4.39224e-06,2.53e-08,-58.3368,-38.7675,-88.3368,-33.9936,2.74679,True
42,0.000613774,9.49137e-05,-4.70793,8.72087,2.20893,38.9557,-9.53674e-07,0.381947,0.778842,5.2498,7.76471,2.53e-08,-58.3368,-38.7675,-88.3368,-33.9936,3.42869,True
43,0.000609314,8.33746e-05,-4.7084,8.71944,2.21068,39.0968,-9.53674e-07,0.376063,0.779554,5.24987,3.65645e-06,2.53e-08,-58.3368,-38.7675,-88.3368,-33.9936,2.74679,True
44,0.000609314,8.33746e-05,-4.7084,8.71944,2.21068,39.0968,-9.53674e-07,0.37419,0.77839,5.24993,7.76471,2.53e-08,-58.3368,-38.7675,-88.3368,-33.9936,3.42869,True
45,0.00104229,9.49137e-05,-4.70796,11.137,1.37566,39.0191,-9.53674e-07,0.35025,0.77266,5.24987,3.93377e-06,2.53e-08,-58.3368,-38.7675,-88.3368,-33.9936,2.7468,True
46,0.00104229,9.49137e-05,-4.70796,11.137,1.37566,39.0191,-9.53674e-07,0.347425,0.772129,5.24976,7.76471,2.53e-08,-58.3368,-38.7675,-88.3368,-33.9936,3.42869,True
47,0.00104809,8.33746e-05,-4.70843,11.1351,1.37464,39.0201,-9.53674e-07,0.348923,0.769938,5.24989,3.29161e-06,2.53e-08,-58.3368,-38.7675,-88.3368,-33.9936,2.7468,True
48,0.00104809,8.33746e-05,-4.70843,11.1351,1.37464,39.0201,-9.53674e-07,0.3489,0.770571,5.24986,7.76471,2.53e-08,-58.3368,-38.7675,-88.3368,-33.9936,3.42869,True
49,0.000585127,0.0001045,-4.25793,6.90079,2.03448,30.6201,-9.53674e-07,0.376873,0.778868,4.74987,3.86616e-06,2.31e-08,-58.3368,-38.7675,-88.3368,-33.9936,2.74728,True
50,0.00120418,0.0001045,-4.25797,9.82571,1.04287,30.479,-9.53674e-07,0.346615,0.769553,4.74984,4.51396e-06,2.31e-08,-58.3368,-38.7675,-88.3368,-33.9936,2.74729,True
51,0.000550837,0.000117469,-4.70462,8.33654,2.43711,39.1417,-1.43051e-06,0.38257,0.779496,5.24991,2.56763e-06,2.53e-08,-58.3368,-38.7675,-88.3368,-33.9936,2.74679,True
52,0.00107338,0.000117469,-4.70464,11.1465,1.35499,38.8489,-9.53674e-07,0.346256,0.770983,5.2499,2.91487e-06,2.53e-08,-58.3368,-38.7675,-88.3368,-33.9936,2.7468,True
