option,f_mhz,source,se_plane_wall_db,se_h_wall_db,se_plane_total_db,se_h_total_db,se_plane_open_window_db,se_plane_screw_joints_db
A,1.5,charger boost (BQ25887 class),261.3,191.3,76.2,69.6,69.5,66.9
A,2.2,5 V buck (TPS62913 class),293.0,226.4,72.9,66.3,66.2,63.6
A,12.0,Pico 2 crystal,542.1,490.1,58.1,51.8,51.5,48.9
A,48.0,USB PLL,984.4,944.5,46.1,40.6,39.4,36.8
A,144.0,"12th of 12 MHz, 3rd of 48 MHz",1636.1,1605.7,36.5,32.6,29.9,27.3
A,150.0,RP2350 system clock,1668.0,1637.9,36.2,32.3,29.5,26.9
A,300.0,2nd of 150 MHz,2321.6,2297.6,30.2,27.7,23.5,20.9
A,600.0,4th of 150 MHz,3247.2,3229.2,24.1,23.0,17.5,14.9
A,1000.0,upper edge of the evaluated range (author choice),4167.6,4154.0,19.7,19.1,13.0,10.4
B,1.5,charger boost (BQ25887 class),118.2,48.2,76.4,48.2,69.6,65.9
B,2.2,5 V buck (TPS62913 class),118.7,52.0,73.1,51.9,66.3,62.5
B,12.0,Pico 2 crystal,129.2,77.2,58.3,51.9,51.6,47.8
B,48.0,USB PLL,155.1,115.1,46.3,40.7,39.5,35.8
B,144.0,"12th of 12 MHz, 3rd of 48 MHz",197.0,166.6,36.8,32.7,30.0,26.2
B,150.0,RP2350 system clock,199.1,169.0,36.4,32.5,29.6,25.9
B,300.0,2nd of 150 MHz,242.7,218.7,30.4,27.9,23.6,19.8
B,600.0,4th of 150 MHz,305.7,287.7,24.4,23.1,17.6,13.8
B,1000.0,upper edge of the evaluated range (author choice),369.1,355.5,19.9,19.3,13.2,9.4
C1,1.5,charger boost (BQ25887 class),76.0,9.5,73.6,9.5,69.1,64.9
C1,2.2,5 V buck (TPS62913 class),76.0,11.8,71.8,11.8,66.3,61.7
C1,12.0,Pico 2 crystal,76.0,24.5,59.1,24.5,52.0,47.2
C1,48.0,USB PLL,76.0,36.2,47.2,35.0,40.0,35.1
C1,144.0,"12th of 12 MHz, 3rd of 48 MHz",76.1,45.8,37.7,33.0,30.4,25.6
C1,150.0,RP2350 system clock,76.1,46.1,37.3,32.8,30.1,25.2
C1,300.0,2nd of 150 MHz,76.7,52.7,31.3,28.5,24.0,19.2
C1,600.0,4th of 150 MHz,78.3,60.3,25.3,23.9,18.0,13.2
C1,1000.0,upper edge of the evaluated range (author choice),81.0,67.4,20.8,20.2,13.6,8.7
D,1.5,charger boost (BQ25887 class),76.0,9.5,73.6,9.5,69.1,65.5
D,2.2,5 V buck (TPS62913 class),76.0,11.8,71.8,11.8,66.3,62.4
D,12.0,Pico 2 crystal,76.0,24.5,59.2,24.5,52.0,47.9
D,48.0,USB PLL,76.0,36.2,47.2,35.0,40.0,35.8
D,144.0,"12th of 12 MHz, 3rd of 48 MHz",76.1,45.8,37.7,33.1,30.4,26.3
D,150.0,RP2350 system clock,76.1,46.1,37.3,32.8,30.1,25.9
D,300.0,2nd of 150 MHz,76.7,52.7,31.3,28.5,24.1,19.9
D,600.0,4th of 150 MHz,78.3,60.3,25.3,23.9,18.0,13.9
D,1000.0,upper edge of the evaluated range (author choice),81.0,67.4,20.8,20.2,13.6,9.4
