study,role,param,cls,value,low,high,CASE_base,CASE_low,CASE_high,CASE_rise,J2_base,J2_low,J2_high,J2_rise,LM_base,LM_low,LM_high,LM_rise,adverse_end,adverse_rise
backstop,stacked,a5_rjc2,D,2.4000,2.1600,2.6400,103.3382,103.3383,103.3385,0.0003,123.5793,121.5554,125.6041,2.0248,99.6109,99.6102,99.6099,0.0000,2.6400,2.0250
backstop,stacked,a5_rjc1,D,4.5000,4.0500,4.9500,103.3382,103.3371,103.3411,0.0029,123.5793,123.5781,123.5824,0.0031,99.6109,99.6100,99.6130,0.0021,4.9500,0.0060
backstop,stacked,a5_p1,DD,1.5000,1.2000,1.8000,103.3382,103.3382,103.3382,0.0000,123.5793,124.2993,122.8593,0.7200,99.6109,99.6109,99.6109,0.0000,1.2000,0.7200
backstop,stacked,a5_bond,E,0.0001,0.0000,0.0001,103.3382,100.8998,105.7731,2.4350,123.5793,121.1415,126.0132,2.4339,99.6109,99.6159,99.6094,0.0051,0.0001,4.8689
backstop,stacked,k_tim,E,0.7000,0.6000,0.8000,103.3382,104.1568,102.7323,0.8186,123.5793,124.3979,122.9739,0.8186,99.6109,99.6141,99.6141,0.0033,0.6000,1.6371
backstop,stacked,r_spread_x,E,0.0000,0.0000,0.3000,103.3382,103.3382,106.2360,2.8978,123.5793,123.5793,126.4740,2.8947,99.6109,99.6109,99.6097,0.0000,0.3000,5.7925
backstop,stacked,r_feed,E,0.2600,0.0000,0.4500,103.3382,104.1562,102.7475,0.8181,123.5793,126.8115,121.2248,3.2322,99.6109,99.9258,99.3903,0.3149,0.0000,4.0503
backstop,stacked,a5_idd,DD,1.9700,1.7900,1.9700,103.3382,101.9185,103.3382,0.0000,123.5793,118.9626,123.5793,0.0000,99.6109,98.8657,99.6109,0.0000,1.9700,0.0000
backstop,RSS band,r_cellpath,E,0.0600,0.0500,0.1000,108.5528,108.5504,108.5641,0.0113,134.2509,134.2486,134.2631,0.0121,97.2190,97.2186,97.2245,0.0055,0.1000,0.0234
backstop,RSS band,i_bus,E,0.3000,0.2500,0.4000,108.5528,108.5594,108.5593,0.0066,134.2509,134.2583,134.2582,0.0074,97.2190,97.2200,97.2200,0.0010,0.2500,0.0139
backstop,RSS band,a4_isat,DD,1.3870,1.2610,1.5580,108.5528,108.5528,108.5528,0.0000,134.2509,134.2509,134.2509,0.0000,97.2190,97.2190,97.2190,0.0000,1.5580,0.0000
backstop,RSS band,a4_rjc,D,4.4000,3.9600,4.8400,108.5528,108.5528,108.5528,0.0000,134.2509,134.2509,134.2509,0.0000,97.2190,97.2190,97.2190,0.0000,4.8400,0.0000
backstop,RSS band,a4_r_pad,E,0.8000,0.5000,1.5000,108.5528,108.5528,108.5528,0.0000,134.2509,134.2509,134.2509,0.0000,97.2190,97.2190,97.2190,0.0000,1.5000,0.0000
backstop,RSS band,a4_r_via,DD,1.1000,0.9000,1.6000,108.5528,108.5528,108.5528,0.0000,134.2509,134.2509,134.2509,0.0000,97.2190,97.2190,97.2190,0.0000,1.6000,0.0000
backstop,RSS band,a4_r_bs,E,0.6000,0.4000,1.0000,108.5528,108.5528,108.5528,0.0000,134.2509,134.2509,134.2509,0.0000,97.2190,97.2190,97.2190,0.0000,1.0000,0.0000
backstop,RSS band,a4_gva_on_sink,E,0.5000,0.0000,0.5000,108.5528,108.5528,108.5528,0.0000,134.2509,134.2509,134.2509,0.0000,97.2190,97.2190,97.2190,0.0000,0.5000,0.0000
backstop,RSS band,sink_mass,DD,57.0000,52.0000,62.0000,108.5528,108.6266,108.4962,0.0738,134.2509,134.3230,134.1970,0.0721,97.2190,97.3009,97.1474,0.0819,52.0000,0.1459
backstop,RSS band,k_cat,DD,1.0000,0.9300,1.0700,108.5528,108.6823,108.3785,0.1295,134.2509,134.3762,134.0823,0.1253,97.2190,97.4155,97.0072,0.1965,0.9300,0.2548
backstop,RSS band,k_orient,E,1.3500,1.1000,2.0000,108.5528,108.0387,109.2320,0.6792,134.2509,133.7533,134.9045,0.6535,97.2190,96.5862,98.1718,0.9528,2.0000,1.3328
backstop,RSS band,r_frac,E,0.3500,0.2500,0.4500,108.5528,108.5682,108.5361,0.0154,134.2509,134.2651,134.2344,0.0142,97.2190,97.2474,97.1977,0.0284,0.2500,0.0295
backstop,RSS band,eta_encl,E,0.6000,0.4000,0.8000,108.5528,108.5528,108.5528,0.0000,134.2509,134.2509,134.2509,0.0000,97.2190,97.2190,97.2190,0.0000,0.8000,0.0000
backstop,RSS band,eta_wall,E,0.6000,0.4500,0.7500,108.5528,108.7007,108.4143,0.1479,134.2509,134.3946,134.1179,0.1437,97.2190,97.4059,97.0377,0.1869,0.4500,0.2916
backstop,RSS band,eta_guard3,E,0.7500,0.6000,0.8500,108.5528,108.5528,108.5528,0.0000,134.2509,134.2509,134.2509,0.0000,97.2190,97.2190,97.2190,0.0000,0.8500,0.0000
backstop,RSS band,phi3,E,0.5000,0.3500,0.6500,108.5528,108.5528,108.5528,0.0000,134.2509,134.2509,134.2509,0.0000,97.2190,97.2190,97.2190,0.0000,0.6500,0.0000
backstop,RSS band,eta_guard_dc,E,0.8500,0.7500,0.9200,108.5528,108.6550,108.4920,0.1022,134.2509,134.3509,134.1931,0.0999,97.2190,97.3434,97.1346,0.1244,0.7500,0.2021
backstop,RSS band,phi_dc,E,0.3500,0.2500,0.5000,108.5528,108.4921,108.5896,0.0368,134.2509,134.1872,134.2873,0.0363,97.2190,97.1786,97.2611,0.0421,0.5000,0.0732
backstop,RSS band,shield_rad,E,0.2500,0.1500,0.4000,108.5528,108.4815,108.5773,0.0245,134.2509,134.1764,134.2738,0.0228,97.2190,97.1815,97.2507,0.0317,0.4000,0.0474
backstop,RSS band,main_vent_area,E,0.0002,0.0000,0.0003,108.5528,108.5513,108.5505,0.0000,134.2509,134.2502,134.2487,0.0000,97.2190,97.2183,97.2180,0.0000,0.0000,0.0000
backstop,RSS band,k_petg,E,0.2000,0.1800,0.2500,108.5528,108.5592,108.5577,0.0064,134.2509,134.2582,134.2563,0.0072,97.2190,97.2200,97.2218,0.0028,0.1800,0.0137
backstop,RSS band,h_out_c,E,4.0000,3.0000,6.0000,108.5528,108.5563,108.5360,0.0035,134.2509,134.2542,134.2341,0.0033,97.2190,97.2241,97.2022,0.0051,3.0000,0.0068
backstop,RSS band,h_in_c,E,2.5000,1.5000,4.0000,108.5528,108.5511,108.5430,0.0000,134.2509,134.2492,134.2408,0.0000,97.2190,97.2158,97.2141,0.0000,1.5000,0.0000
backstop,RSS band,g_leads,E,0.0150,0.0080,0.0300,108.5528,108.5620,108.5295,0.0092,134.2509,134.2610,134.2276,0.0100,97.2190,97.2224,97.2138,0.0034,0.0080,0.0192
backstop,RSS band,g_cell_main,E,0.0300,0.0200,0.0450,108.5528,108.5523,108.5593,0.0065,134.2509,134.2505,134.2582,0.0073,97.2190,97.2186,97.2200,0.0010,0.0450,0.0138
backstop,RSS band,g_cell_wall,E,0.0200,0.0100,0.0300,108.5528,108.5604,108.5528,0.0075,134.2509,134.2593,134.2509,0.0084,97.2190,97.2210,97.2190,0.0020,0.0100,0.0159
backstop,RSS band,vent_area,E,0.0004,0.0000,0.0005,108.5528,108.5528,108.5528,0.0000,134.2509,134.2509,134.2509,0.0000,97.2190,97.2190,97.2190,0.0000,0.0005,0.0000
backstop,RSS band,vent_area_dc,E,0.0005,0.0003,0.0006,108.5528,108.5811,108.5411,0.0283,134.2509,134.2798,134.2388,0.0289,97.2190,97.2348,97.2125,0.0158,0.0003,0.0572
backstop,RSS band,relay_hold,E,0.4000,0.3000,1.0000,108.5528,108.5380,108.6239,0.0711,134.2509,134.2373,134.3212,0.0702,97.2190,97.1521,97.5891,0.3701,1.0000,0.1413
backstop,RSS band,k_fr4,E,0.3000,0.2500,0.3500,108.5528,108.5536,108.5576,0.0048,134.2509,134.2518,134.2562,0.0053,97.2190,97.2197,97.2217,0.0027,0.3500,0.0101
backstop,RSS band,p_lm2940,DD,0.9000,0.6000,1.0000,108.5528,108.4275,108.5691,0.0163,134.2509,134.1258,134.2650,0.0141,97.2190,96.5920,97.4222,0.2032,1.0000,0.0304
backstop,RSS band,p_pico,E,0.2000,0.1500,0.3000,108.5528,108.5567,108.5640,0.0112,134.2509,134.2553,134.2630,0.0121,97.2190,97.2209,97.2244,0.0054,0.3000,0.0233
backstop,RSS band,c_cell,E,92.0000,85.0000,100.0000,108.5528,108.5531,108.5506,0.0003,134.2509,134.2512,134.2489,0.0003,97.2190,97.2193,97.2186,0.0003,85.0000,0.0005
backstop,RSS band,a_guard_end,DD,0.0029,0.0027,0.0032,108.5528,108.5529,108.5547,0.0019,134.2509,134.2510,134.2529,0.0019,97.2190,97.2197,97.2204,0.0014,0.0032,0.0038
backstop,RSS band,a_guard_side,DD,0.0057,0.0051,0.0063,108.5528,108.5469,108.5483,0.0000,134.2509,134.2458,134.2469,0.0000,97.2190,97.2186,97.2135,0.0000,0.0063,0.0000
backstop,RSS band,guard_solid,E,0.5000,0.4000,0.6500,108.5528,108.5503,108.5466,0.0000,134.2509,134.2478,134.2459,0.0000,97.2190,97.2235,97.2082,0.0045,0.4000,0.0000
backstop,RSS band,v_g,E,0.4500,0.3000,0.6000,108.5528,108.5093,108.5911,0.0383,134.2509,134.2082,134.2879,0.0370,97.2190,97.1681,97.2694,0.0504,0.6000,0.0753
backstop,RSS band,h_gc,E,5.0000,3.0000,8.0000,108.5528,108.5335,108.5687,0.0159,134.2509,134.2316,134.2662,0.0153,97.2190,97.1988,97.2440,0.0250,8.0000,0.0312
backstop,RSS band,a_ef,DD,0.0028,0.0025,0.0031,108.5528,108.5528,108.5528,0.0000,134.2509,134.2509,134.2509,0.0000,97.2190,97.2190,97.2190,0.0000,0.0031,0.0000
backstop,RSS band,a_ew,DD,0.0029,0.0027,0.0032,108.5528,108.5546,108.5543,0.0018,134.2509,134.2525,134.2534,0.0024,97.2190,97.2203,97.2155,0.0013,0.0032,0.0039
backstop,RSS band,t_ew_fr4,E,0.0016,0.0008,0.0016,108.5528,108.5442,108.5528,0.0000,134.2509,134.2414,134.2509,0.0000,97.2190,97.2165,97.2190,0.0000,0.0016,0.0000
backstop,RSS band,a_bw_gross,DD,0.0029,0.0026,0.0032,108.5528,108.5620,108.5532,0.0092,134.2509,134.2609,134.2518,0.0100,97.2190,97.2225,97.2169,0.0035,0.0026,0.0191
backstop,RSS band,bw_solid,E,0.8000,0.7000,0.9000,108.5528,108.5564,108.5577,0.0049,134.2509,134.2553,134.2567,0.0057,97.2190,97.2168,97.2194,0.0004,0.9000,0.0106
backstop,RSS band,a_bh,DD,0.0025,0.0022,0.0027,108.5528,108.5621,108.5412,0.0093,134.2509,134.2610,134.2384,0.0101,97.2190,97.2226,97.2163,0.0036,0.0022,0.0194
backstop,RSS band,t_bh,E,0.0012,0.0010,0.0014,108.5528,108.5527,108.5575,0.0047,134.2509,134.2508,134.2561,0.0052,97.2190,97.2189,97.2216,0.0026,0.0014,0.0099
backstop,RSS band,gap_bh,E,0.0030,0.0020,0.0040,108.5528,108.5572,108.5517,0.0044,134.2509,134.2558,134.2498,0.0048,97.2190,97.2213,97.2185,0.0023,0.0020,0.0092
backstop,RSS band,a_mw,E,0.0262,0.0210,0.0314,108.5528,108.5641,108.5566,0.0113,134.2509,134.2631,134.2552,0.0121,97.2190,97.2245,97.2208,0.0055,0.0210,0.0235
backstop,RSS band,eps_out,E,0.9000,0.8500,0.9500,108.5528,108.5635,108.5479,0.0107,134.2509,134.2624,134.2465,0.0114,97.2190,97.2248,97.2151,0.0058,0.8500,0.0221
backstop,RSS band,eps_in,E,0.8000,0.7000,0.9000,108.5528,108.5584,108.5547,0.0056,134.2509,134.2573,134.2537,0.0064,97.2190,97.2179,97.2166,0.0000,0.7000,0.0120
backstop,RSS band,eps_bh,E,0.8200,0.7500,0.9000,108.5528,108.5530,108.5595,0.0067,134.2509,134.2511,134.2584,0.0075,97.2190,97.2192,97.2201,0.0011,0.9000,0.0141
backstop,RSS band,k_air,D,0.0280,0.0270,0.0290,108.5528,108.5529,108.5596,0.0068,134.2509,134.2511,134.2585,0.0076,97.2190,97.2191,97.2202,0.0012,0.0290,0.0143
backstop,RSS band,gap_face,E,0.0020,0.0015,0.0030,108.5528,108.5528,108.5528,0.0000,134.2509,134.2509,134.2509,0.0000,97.2190,97.2190,97.2190,0.0000,0.0030,0.0000
backstop,RSS band,h_rad_gap,E,7.0000,5.0000,8.0000,108.5528,108.5528,108.5528,0.0000,134.2509,134.2509,134.2509,0.0000,97.2190,97.2190,97.2190,0.0000,8.0000,0.0000
backstop,RSS band,a_gap_face,E,0.0004,0.0002,0.0006,108.5528,108.5528,108.5528,0.0000,134.2509,134.2509,134.2509,0.0000,97.2190,97.2190,97.2190,0.0000,0.0006,0.0000
backstop,RSS band,rad_f_ef,E,0.3000,0.2000,0.4500,108.5528,108.5528,108.5528,0.0000,134.2509,134.2509,134.2509,0.0000,97.2190,97.2190,97.2190,0.0000,0.4500,0.0000
backstop,RSS band,rad_f_bh,E,0.4000,0.2500,0.5000,108.5528,108.5528,108.5528,0.0000,134.2509,134.2509,134.2509,0.0000,97.2190,97.2190,97.2190,0.0000,0.5000,0.0000
backstop,RSS band,o3_rad_amb,E,0.3000,0.2000,0.4000,108.5528,108.5588,108.5367,0.0060,134.2509,134.2575,134.2346,0.0066,97.2190,97.2282,97.2068,0.0092,0.2000,0.0126
backstop,RSS band,o3_rad_guard,E,0.2000,0.1000,0.3000,108.5528,108.4975,108.5728,0.0199,134.2509,134.1927,134.2711,0.0201,97.2190,97.1819,97.2413,0.0223,0.3000,0.0401
backstop,RSS band,h_gapc,E,3.0000,1.5000,5.0000,108.5528,108.5538,108.3292,0.0010,134.2509,134.2524,134.0003,0.0015,97.2190,97.2272,97.1687,0.0082,1.5000,0.0025
backstop,RSS band,gap_share,E,0.5000,0.3000,0.7000,108.5528,108.5599,108.5369,0.0070,134.2509,134.2576,134.2355,0.0066,97.2190,97.2339,97.2021,0.0149,0.3000,0.0137
backstop,RSS band,g_case_air,E,0.0030,0.0010,0.0060,108.5528,108.6597,108.3163,0.1069,134.2509,134.3572,134.0055,0.1063,97.2190,97.2386,97.1742,0.0196,0.0010,0.2131
backstop,RSS band,cd_vent,E,0.6000,0.4000,0.7000,108.5528,108.5614,108.5437,0.0085,134.2509,134.2601,134.2427,0.0092,97.2190,97.2182,97.2149,0.0000,0.4000,0.0177
backstop,RSS band,h_stack_bay,E,0.0350,0.0250,0.0450,108.5528,108.5524,108.5495,0.0000,134.2509,134.2512,134.2481,0.0003,97.2190,97.2160,97.2148,0.0000,0.0250,0.0000
backstop,RSS band,h_stack_main,E,0.0300,0.0200,0.0400,108.5528,108.5531,108.5594,0.0066,134.2509,134.2512,134.2584,0.0074,97.2190,97.2192,97.2201,0.0011,0.0400,0.0140
backstop,RSS band,rho_air,D,1.1000,1.0700,1.1300,108.5528,108.5625,108.5528,0.0097,134.2509,134.2614,134.2513,0.0105,97.2190,97.2229,97.2165,0.0039,1.0700,0.0201
backstop,RSS band,cp_air,D,1007.0000,1005.0000,1009.0000,108.5528,108.5592,108.5504,0.0064,134.2509,134.2581,134.2486,0.0072,97.2190,97.2199,97.2184,0.0009,1005.0000,0.0135
backstop,RSS band,cp_al,D,896.0000,880.0000,910.0000,108.5528,108.5616,108.3828,0.0088,134.2509,134.2601,134.0604,0.0092,97.2190,97.2256,97.1852,0.0066,880.0000,0.0180
backstop,RSS band,rho_petg,E,1270.0000,1230.0000,1290.0000,108.5528,108.5596,108.5597,0.0069,134.2509,134.2586,134.2587,0.0077,97.2190,97.2203,97.2204,0.0014,1290.0000,0.0146
backstop,RSS band,cp_petg,E,1200.0000,1100.0000,1300.0000,108.5528,108.5594,108.5503,0.0066,134.2509,134.2584,134.2493,0.0074,97.2190,97.2201,97.2190,0.0011,1100.0000,0.0140
backstop,RSS band,rho_fr4,E,1850.0000,1800.0000,1900.0000,108.5528,108.5597,108.5577,0.0069,134.2509,134.2587,134.2562,0.0077,97.2190,97.2203,97.2218,0.0028,1800.0000,0.0146
backstop,RSS band,cp_fr4,E,1100.0000,1000.0000,1200.0000,108.5528,108.5501,108.5597,0.0069,134.2509,134.2490,134.2587,0.0077,97.2190,97.2188,97.2204,0.0014,1200.0000,0.0146
backstop,RSS band,c_bay,E,25.0000,15.0000,40.0000,108.5528,108.5595,108.5502,0.0067,134.2509,134.2585,134.2491,0.0075,97.2190,97.2201,97.2190,0.0011,15.0000,0.0143
backstop,RSS band,c_main,E,60.0000,40.0000,90.0000,108.5528,108.5590,108.5596,0.0068,134.2509,134.2580,134.2586,0.0077,97.2190,97.2198,97.2207,0.0017,90.0000,0.0145
backstop,RSS band,c_case_a5,E,3.0000,2.0000,4.5000,108.5528,108.6709,108.3824,0.1181,134.2509,134.3723,134.0798,0.1213,97.2190,97.2233,97.2069,0.0043,2.0000,0.2394
backstop,RSS band,c_j2,E,0.2000,0.1000,0.4000,108.5528,108.5686,108.5219,0.0158,134.2509,134.2861,134.1788,0.0352,97.2190,97.2103,97.2297,0.0107,0.1000,0.0510
backstop,RSS band,c_j1,E,0.1000,0.0500,0.2000,108.5528,108.5535,108.5336,0.0007,134.2509,134.2518,134.2315,0.0008,97.2190,97.2159,97.2157,0.0000,0.0500,0.0015
backstop,RSS band,c_j_a4,E,0.0500,0.0200,0.1000,108.5528,108.5528,108.5528,0.0000,134.2509,134.2509,134.2509,0.0000,97.2190,97.2190,97.2190,0.0000,0.1000,0.0000
backstop,RSS band,c_case_a4,E,1.0000,0.6000,1.6000,108.5528,108.5528,108.5528,0.0000,134.2509,134.2509,134.2509,0.0000,97.2190,97.2190,97.2190,0.0000,1.6000,0.0000
backstop,RSS band,r_lm_if,E,0.6000,0.4000,1.0000,108.5528,108.5493,108.5597,0.0069,134.2509,134.2482,134.2583,0.0073,97.2190,97.0860,97.4853,0.2663,1.0000,0.0142
backstop,RSS band,c_lm,E,2.0000,1.5000,3.0000,108.5528,108.5617,108.3823,0.0088,134.2509,134.2600,134.0600,0.0091,97.2190,97.2556,97.1242,0.0366,1.5000,0.0179
