study,role,param,cls,value,low,high,J2_base,J2_low,J2_high,J2_rise,CASE_base,CASE_low,CASE_high,CASE_rise,adverse_end,adverse_rise,SINK_base,SINK_low,SINK_high,SINK_rise
inhibit,stacked,a5_rjc2,D,2.4000,2.1600,2.6400,109.9301,107.9106,111.9473,2.0172,89.7177,89.7179,89.7146,0.0002,2.6400,2.0141,,,,
inhibit,stacked,a5_rjc1,D,4.5000,4.0500,4.9500,109.9301,109.9315,109.9322,0.0021,89.7177,89.7175,89.7189,0.0012,4.9500,0.0033,,,,
inhibit,stacked,a5_p1,DD,1.5000,1.2000,1.8000,109.9301,110.6500,109.2120,0.7199,89.7177,89.7176,89.7180,0.0002,1.2000,0.7198,,,,
inhibit,stacked,a5_bond,E,0.0001,0.0000,0.0001,109.9301,108.8775,111.0242,1.0941,89.7177,88.6604,90.8140,1.0963,0.0001,2.1904,,,,
inhibit,stacked,k_tim,E,0.7000,0.6000,0.8000,109.9301,110.2810,109.6625,0.3509,89.7177,90.0705,89.4507,0.3528,0.6000,0.7037,,,,
inhibit,stacked,r_spread_x,E,0.0000,0.0000,0.3000,109.9301,109.9301,111.2508,1.3207,89.7177,89.7177,91.0438,1.3261,0.3000,2.6468,,,,
inhibit,stacked,r_feed,E,0.2600,0.0000,0.4500,109.9301,112.7427,107.8828,2.8126,89.7177,90.1160,89.4331,0.3983,0.0000,3.2110,,,,
inhibit,stacked,a5_idd,DD,1.9700,1.7900,1.9700,109.9301,106.2139,109.9301,0.0000,89.7177,89.1951,89.7177,0.0000,1.9700,0.0000,,,,
inhibit,stacked,inh_hyst,E,5.0000,3.0000,10.0000,109.9301,109.9784,109.8679,0.0483,89.7177,89.7653,89.6719,0.0476,3.0000,0.0959,,,,
inhibit,RSS band,r_cellpath,E,0.0600,0.0500,0.1000,107.9464,107.9459,107.9441,0.0000,82.4107,82.4101,82.4083,0.0000,0.0500,0.0000,71.2174,71.2170,71.2154,0.0000
inhibit,RSS band,i_bus,E,0.3000,0.2500,0.4000,107.9464,107.9463,107.9433,0.0000,82.4107,82.4106,82.4076,0.0000,0.2500,0.0000,71.2174,71.2174,71.2148,0.0000
inhibit,RSS band,a4_isat,DD,1.3870,1.2610,1.5580,107.9464,107.9464,107.9464,0.0000,82.4107,82.4107,82.4107,0.0000,1.5580,0.0000,71.2174,71.2174,71.2174,0.0000
inhibit,RSS band,a4_rjc,D,4.4000,3.9600,4.8400,107.9464,107.9464,107.9464,0.0000,82.4107,82.4107,82.4107,0.0000,4.8400,0.0000,71.2174,71.2174,71.2174,0.0000
inhibit,RSS band,a4_r_pad,E,0.8000,0.5000,1.5000,107.9464,107.9464,107.9464,0.0000,82.4107,82.4107,82.4107,0.0000,1.5000,0.0000,71.2174,71.2174,71.2174,0.0000
inhibit,RSS band,a4_r_via,DD,1.1000,0.9000,1.6000,107.9464,107.9464,107.9464,0.0000,82.4107,82.4107,82.4107,0.0000,1.6000,0.0000,71.2174,71.2174,71.2174,0.0000
inhibit,RSS band,a4_r_bs,E,0.6000,0.4000,1.0000,107.9464,107.9464,107.9464,0.0000,82.4107,82.4107,82.4107,0.0000,1.0000,0.0000,71.2174,71.2174,71.2174,0.0000
inhibit,RSS band,a4_gva_on_sink,E,0.5000,0.0000,0.5000,107.9464,107.9464,107.9464,0.0000,82.4107,82.4107,82.4107,0.0000,0.5000,0.0000,71.2174,71.2174,71.2174,0.0000
inhibit,RSS band,sink_mass,DD,57.0000,52.0000,62.0000,107.9464,107.9445,107.9239,0.0000,82.4107,82.4131,82.3877,0.0025,52.0000,0.0006,71.2174,71.2765,71.1667,0.0591
inhibit,RSS band,k_cat,DD,1.0000,0.9300,1.0700,107.9464,107.9862,107.8724,0.0398,82.4107,82.4627,82.3283,0.0520,0.9300,0.0919,71.2174,71.3683,71.0628,0.1509
inhibit,RSS band,k_orient,E,1.3500,1.1000,2.0000,107.9464,107.7151,108.1721,0.2256,82.4107,82.1521,82.6792,0.2685,2.0000,0.4942,71.2174,70.7268,71.8750,0.6576
inhibit,RSS band,r_frac,E,0.3500,0.2500,0.4500,107.9464,107.9258,107.9441,0.0000,82.4107,82.3937,82.4082,0.0000,0.4500,0.0000,71.2174,71.2277,71.2100,0.0103
inhibit,RSS band,eta_encl,E,0.6000,0.4000,0.8000,107.9464,107.9464,107.9464,0.0000,82.4107,82.4107,82.4107,0.0000,0.8000,0.0000,71.2174,71.2174,71.2174,0.0000
inhibit,RSS band,eta_wall,E,0.6000,0.4500,0.7500,107.9464,107.9872,107.8896,0.0408,82.4107,82.4610,82.3451,0.0503,0.4500,0.0912,71.2174,71.3481,71.0821,0.1307
inhibit,RSS band,eta_guard3,E,0.7500,0.6000,0.8500,107.9464,107.9464,107.9464,0.0000,82.4107,82.4107,82.4107,0.0000,0.8500,0.0000,71.2174,71.2174,71.2174,0.0000
inhibit,RSS band,phi3,E,0.5000,0.3500,0.6500,107.9464,107.9464,107.9464,0.0000,82.4107,82.4107,82.4107,0.0000,0.6500,0.0000,71.2174,71.2174,71.2174,0.0000
inhibit,RSS band,eta_guard_dc,E,0.8500,0.7500,0.9200,107.9464,107.9738,107.8905,0.0274,82.4107,82.4460,82.3529,0.0353,0.7500,0.0627,71.2174,71.3161,71.1406,0.0986
inhibit,RSS band,phi_dc,E,0.3500,0.2500,0.5000,107.9464,107.9411,107.9337,0.0000,82.4107,82.4050,82.4017,0.0000,0.2500,0.0000,71.2174,71.2078,71.2371,0.0196
inhibit,RSS band,shield_rad,E,0.2500,0.1500,0.4000,107.9464,107.9431,107.9310,0.0000,82.4107,82.4071,82.3990,0.0000,0.1500,0.0000,71.2174,71.2122,71.2295,0.0121
inhibit,RSS band,main_vent_area,E,0.0002,0.0000,0.0003,107.9464,107.9438,107.9459,0.0000,82.4107,82.4081,82.4102,0.0000,0.0003,0.0000,71.2174,71.2150,71.2170,0.0000
inhibit,RSS band,k_petg,E,0.2000,0.1800,0.2500,107.9464,107.9435,107.9427,0.0000,82.4107,82.4077,82.4069,0.0000,0.1800,0.0000,71.2174,71.2150,71.2142,0.0000
inhibit,RSS band,h_out_c,E,4.0000,3.0000,6.0000,107.9464,107.9458,107.9427,0.0000,82.4107,82.4101,82.4068,0.0000,3.0000,0.0000,71.2174,71.2198,71.2106,0.0024
inhibit,RSS band,h_in_c,E,2.5000,1.5000,4.0000,107.9464,107.9464,107.9437,0.0000,82.4107,82.4107,82.4079,0.0000,1.5000,0.0001,71.2174,71.2170,71.2155,0.0000
inhibit,RSS band,g_leads,E,0.0150,0.0080,0.0300,107.9464,107.9461,107.9437,0.0000,82.4107,82.4104,82.4079,0.0000,0.0080,0.0000,71.2174,71.2172,71.2154,0.0000
inhibit,RSS band,g_cell_main,E,0.0300,0.0200,0.0450,107.9464,107.9434,107.9459,0.0000,82.4107,82.4076,82.4102,0.0000,0.0450,0.0000,71.2174,71.2149,71.2170,0.0000
inhibit,RSS band,g_cell_wall,E,0.0200,0.0100,0.0300,107.9464,107.9464,107.9450,0.0000,82.4107,82.4106,82.4092,0.0000,0.0100,0.0000,71.2174,71.2174,71.2159,0.0000
inhibit,RSS band,vent_area,E,0.0004,0.0000,0.0005,107.9464,107.9464,107.9464,0.0000,82.4107,82.4107,82.4107,0.0000,0.0005,0.0000,71.2174,71.2174,71.2174,0.0000
inhibit,RSS band,vent_area_dc,E,0.0005,0.0003,0.0006,107.9464,107.9497,107.9446,0.0032,82.4107,82.4140,82.4088,0.0034,0.0003,0.0066,71.2174,71.2208,71.2162,0.0033
inhibit,RSS band,relay_hold,E,0.4000,0.3000,1.0000,107.9464,107.9420,107.9675,0.0211,82.4107,82.4059,82.4436,0.0330,1.0000,0.0540,71.2174,71.2096,71.3351,0.1177
inhibit,RSS band,k_fr4,E,0.3000,0.2500,0.3500,107.9464,107.9438,107.9428,0.0000,82.4107,82.4080,82.4070,0.0000,0.2500,0.0000,71.2174,71.2153,71.2143,0.0000
inhibit,RSS band,p_lm2940,DD,0.9000,0.6000,1.0000,107.9464,107.8696,107.9548,0.0084,82.4107,82.3218,82.4237,0.0130,1.0000,0.0215,71.2174,71.0289,71.2787,0.0613
inhibit,RSS band,p_pico,E,0.2000,0.1500,0.3000,107.9464,107.9450,107.9220,0.0000,82.4107,82.4092,82.3896,0.0000,0.1500,0.0000,71.2174,71.2160,71.2165,0.0000
inhibit,RSS band,c_cell,E,92.0000,85.0000,100.0000,107.9464,107.9433,107.9460,0.0000,82.4107,82.4075,82.4103,0.0000,100.0000,0.0000,71.2174,71.2148,71.2171,0.0000
inhibit,RSS band,a_guard_end,DD,0.0029,0.0027,0.0032,107.9464,107.9451,107.9459,0.0000,82.4107,82.4094,82.4102,0.0000,0.0032,0.0000,71.2174,71.2163,71.2166,0.0000
inhibit,RSS band,a_guard_side,DD,0.0057,0.0051,0.0063,107.9464,107.9459,107.9454,0.0000,82.4107,82.4102,82.4097,0.0000,0.0051,0.0000,71.2174,71.2174,71.2159,0.0000
inhibit,RSS band,guard_solid,E,0.5000,0.4000,0.6500,107.9464,107.9470,107.9442,0.0006,82.4107,82.4114,82.4083,0.0007,0.4000,0.0013,71.2174,71.2216,71.2149,0.0041
inhibit,RSS band,v_g,E,0.4500,0.3000,0.6000,107.9464,107.9283,107.9031,0.0000,82.4107,82.3920,82.3747,0.0000,0.3000,0.0000,71.2174,71.1898,71.2330,0.0156
inhibit,RSS band,h_gc,E,5.0000,3.0000,8.0000,107.9464,107.9421,107.9296,0.0000,82.4107,82.4061,82.3975,0.0000,3.0000,0.0000,71.2174,71.2087,71.2306,0.0131
inhibit,RSS band,a_ef,DD,0.0028,0.0025,0.0031,107.9464,107.9464,107.9464,0.0000,82.4107,82.4107,82.4107,0.0000,0.0031,0.0000,71.2174,71.2174,71.2174,0.0000
inhibit,RSS band,a_ew,DD,0.0029,0.0027,0.0032,107.9464,107.9465,107.9442,0.0001,82.4107,82.4108,82.4084,0.0001,0.0027,0.0002,71.2174,71.2183,71.2145,0.0009
inhibit,RSS band,t_ew_fr4,E,0.0016,0.0008,0.0016,107.9464,107.9449,107.9464,0.0000,82.4107,82.4092,82.4107,0.0000,0.0016,0.0000,71.2174,71.2163,71.2174,0.0000
inhibit,RSS band,a_bw_gross,DD,0.0029,0.0026,0.0032,107.9464,107.9214,107.9439,0.0000,82.4107,82.3890,82.4081,0.0000,0.0032,0.0000,71.2174,71.2159,71.2158,0.0000
inhibit,RSS band,bw_solid,E,0.8000,0.7000,0.9000,107.9464,107.9432,107.9448,0.0000,82.4107,82.4074,82.4090,0.0000,0.9000,0.0000,71.2174,71.2160,71.2159,0.0000
inhibit,RSS band,a_bh,DD,0.0025,0.0022,0.0027,107.9464,107.9213,107.9187,0.0000,82.4107,82.3888,82.3862,0.0000,0.0022,0.0000,71.2174,71.2158,71.2136,0.0000
inhibit,RSS band,t_bh,E,0.0012,0.0010,0.0014,107.9464,107.9166,107.9427,0.0000,82.4107,82.3841,82.4069,0.0000,0.0014,0.0000,71.2174,71.2120,71.2143,0.0000
inhibit,RSS band,gap_bh,E,0.0030,0.0020,0.0040,107.9464,107.9150,107.9417,0.0000,82.4107,82.3825,82.4059,0.0000,0.0040,0.0000,71.2174,71.2102,71.2136,0.0000
inhibit,RSS band,a_mw,E,0.0262,0.0210,0.0314,107.9464,107.9450,107.9438,0.0000,82.4107,82.4092,82.4081,0.0000,0.0210,0.0000,71.2174,71.2163,71.2160,0.0000
inhibit,RSS band,eps_out,E,0.9000,0.8500,0.9500,107.9464,107.9443,107.9453,0.0000,82.4107,82.4085,82.4095,0.0000,0.9500,0.0000,71.2174,71.2170,71.2156,0.0000
inhibit,RSS band,eps_in,E,0.8000,0.7000,0.9000,107.9464,107.9457,107.9440,0.0000,82.4107,82.4099,82.4082,0.0000,0.7000,0.0000,71.2174,71.2163,71.2154,0.0000
inhibit,RSS band,eps_bh,E,0.8200,0.7500,0.9000,107.9464,107.9434,107.9460,0.0000,82.4107,82.4076,82.4103,0.0000,0.9000,0.0000,71.2174,71.2149,71.2171,0.0000
inhibit,RSS band,k_air,D,0.0280,0.0270,0.0290,107.9464,107.9433,107.9463,0.0000,82.4107,82.4075,82.4106,0.0000,0.0290,0.0000,71.2174,71.2148,71.2174,0.0000
inhibit,RSS band,gap_face,E,0.0020,0.0015,0.0030,107.9464,107.9464,107.9464,0.0000,82.4107,82.4107,82.4107,0.0000,0.0030,0.0000,71.2174,71.2174,71.2174,0.0000
inhibit,RSS band,h_rad_gap,E,7.0000,5.0000,8.0000,107.9464,107.9464,107.9464,0.0000,82.4107,82.4107,82.4107,0.0000,8.0000,0.0000,71.2174,71.2174,71.2174,0.0000
inhibit,RSS band,a_gap_face,E,0.0004,0.0002,0.0006,107.9464,107.9464,107.9464,0.0000,82.4107,82.4107,82.4107,0.0000,0.0006,0.0000,71.2174,71.2174,71.2174,0.0000
inhibit,RSS band,rad_f_ef,E,0.3000,0.2000,0.4500,107.9464,107.9464,107.9464,0.0000,82.4107,82.4107,82.4107,0.0000,0.4500,0.0000,71.2174,71.2174,71.2174,0.0000
inhibit,RSS band,rad_f_bh,E,0.4000,0.2500,0.5000,107.9464,107.9464,107.9464,0.0000,82.4107,82.4107,82.4107,0.0000,0.5000,0.0000,71.2174,71.2174,71.2174,0.0000
inhibit,RSS band,o3_rad_amb,E,0.3000,0.2000,0.4000,107.9464,107.9479,107.9432,0.0015,82.4107,82.4122,82.4072,0.0016,0.2000,0.0030,71.2174,71.2201,71.2146,0.0026
inhibit,RSS band,o3_rad_guard,E,0.2000,0.1000,0.3000,107.9464,107.9427,107.9226,0.0000,82.4107,82.4067,82.3904,0.0000,0.1000,0.0000,71.2174,71.2085,71.2231,0.0057
inhibit,RSS band,h_gapc,E,3.0000,1.5000,5.0000,107.9464,107.9219,107.9392,0.0000,82.4107,82.3897,82.4031,0.0000,5.0000,0.0000,71.2174,71.2211,71.2043,0.0036
inhibit,RSS band,gap_share,E,0.5000,0.3000,0.7000,107.9464,107.9219,107.9439,0.0000,82.4107,82.3896,82.4079,0.0000,0.7000,0.0000,71.2174,71.2202,71.2112,0.0028
inhibit,RSS band,g_case_air,E,0.0030,0.0010,0.0060,107.9464,107.9536,107.9005,0.0072,82.4107,82.4223,82.3630,0.0117,0.0010,0.0189,71.2174,71.2049,71.2320,0.0145
inhibit,RSS band,cd_vent,E,0.6000,0.4000,0.7000,107.9464,107.9472,107.9438,0.0008,82.4107,82.4115,82.4080,0.0008,0.4000,0.0016,71.2174,71.2168,71.2153,0.0000
inhibit,RSS band,h_stack_bay,E,0.0350,0.0250,0.0450,107.9464,107.9467,107.9445,0.0002,82.4107,82.4109,82.4087,0.0003,0.0250,0.0005,71.2174,71.2173,71.2160,0.0000
inhibit,RSS band,h_stack_main,E,0.0300,0.0200,0.0400,107.9464,107.9433,107.9463,0.0000,82.4107,82.4075,82.4106,0.0000,0.0400,0.0000,71.2174,71.2148,71.2174,0.0000
inhibit,RSS band,rho_air,D,1.1000,1.0700,1.1300,107.9464,107.9466,107.9445,0.0002,82.4107,82.4109,82.4087,0.0002,1.0700,0.0004,71.2174,71.2175,71.2158,0.0001
inhibit,RSS band,cp_air,D,1007.0000,1005.0000,1009.0000,107.9464,107.9434,107.9459,0.0000,82.4107,82.4076,82.4102,0.0000,1009.0000,0.0000,71.2174,71.2149,71.2170,0.0000
inhibit,RSS band,cp_al,D,896.0000,880.0000,910.0000,107.9464,107.9441,107.9445,0.0000,82.4107,82.4091,82.4081,0.0000,880.0000,0.0000,71.2174,71.2267,71.2056,0.0092
inhibit,RSS band,rho_petg,E,1270.0000,1230.0000,1290.0000,107.9464,107.9430,107.9448,0.0000,82.4107,82.4073,82.4090,0.0000,1290.0000,0.0000,71.2174,71.2145,71.2163,0.0000
inhibit,RSS band,cp_petg,E,1200.0000,1100.0000,1300.0000,107.9464,107.9141,107.9150,0.0000,82.4107,82.3817,82.3825,0.0000,1300.0000,0.0000,71.2174,71.2094,71.2102,0.0000
inhibit,RSS band,rho_fr4,E,1850.0000,1800.0000,1900.0000,107.9464,107.9152,107.9181,0.0000,82.4107,82.3827,82.3856,0.0000,1900.0000,0.0000,71.2174,71.2103,71.2135,0.0000
inhibit,RSS band,cp_fr4,E,1100.0000,1000.0000,1200.0000,107.9464,107.9431,107.9149,0.0000,82.4107,82.4074,82.3824,0.0000,1000.0000,0.0000,71.2174,71.2146,71.2100,0.0000
inhibit,RSS band,c_bay,E,25.0000,15.0000,40.0000,107.9464,107.9435,107.9442,0.0000,82.4107,82.4077,82.4084,0.0000,40.0000,0.0000,71.2174,71.2162,71.2155,0.0000
inhibit,RSS band,c_main,E,60.0000,40.0000,90.0000,107.9464,107.9435,107.9444,0.0000,82.4107,82.4078,82.4086,0.0000,90.0000,0.0000,71.2174,71.2145,71.2163,0.0000
inhibit,RSS band,c_case_a5,E,3.0000,2.0000,4.5000,107.9464,108.4589,107.2534,0.5124,82.4107,82.9084,81.7207,0.4978,2.0000,1.0102,71.2174,71.1658,71.2720,0.0545
inhibit,RSS band,c_j2,E,0.2000,0.1000,0.4000,107.9464,108.1002,107.5418,0.1538,82.4107,82.4598,82.2628,0.0491,0.1000,0.2029,71.2174,71.1904,71.2800,0.0626
inhibit,RSS band,c_j1,E,0.1000,0.0500,0.2000,107.9464,107.9793,107.8314,0.0329,82.4107,82.4434,82.2991,0.0328,0.0500,0.0657,71.2174,71.2190,71.1971,0.0016
inhibit,RSS band,c_j_a4,E,0.0500,0.0200,0.1000,107.9464,107.9464,107.9464,0.0000,82.4107,82.4107,82.4107,0.0000,0.1000,0.0000,71.2174,71.2174,71.2174,0.0000
inhibit,RSS band,c_case_a4,E,1.0000,0.6000,1.6000,107.9464,107.9464,107.9464,0.0000,82.4107,82.4107,82.4107,0.0000,1.6000,0.0000,71.2174,71.2174,71.2174,0.0000
inhibit,RSS band,r_lm_if,E,0.6000,0.4000,1.0000,107.9464,107.9441,107.9457,0.0000,82.4107,82.4082,82.4101,0.0000,1.0000,0.0000,71.2174,71.2147,71.2186,0.0011
inhibit,RSS band,c_lm,E,2.0000,1.5000,3.0000,107.9464,107.9434,107.9257,0.0000,82.4107,82.4078,82.3933,0.0000,1.5000,0.0000,71.2174,71.2194,71.2150,0.0019
