run,tset_ms,vd,vsh,vos,pset_w,ptop_w,rise_ms,fall_ms,shape_err_rise,shape_err_fall,overshoot_db,bw26_hz,side_max_db,side_max_at_hz,off60_hz,vgg_max,keyup_window_max_dbm,keyup_loop_tail_max_dbm,loop_tail_at_gate_dbm,at_gate_dbm,gate_step_rel_db,ideal_bw26_hz,ideal_side_max_db,pass_t1090,pass_shape,pass_overshoot,pass_bw26,pass_sideband,pass_keyup_1uW,pass_vgg,pass_setpoint
1,3,6.1,0,0,2.9,2.9,3.022,3.02,0.005131,0.004656,0.001186,291.7,-70.76,775,395,2.421,-16.83,-20.2,-73.73,-19.5,-54.12,291.7,-73.98,PASS,PASS,PASS,PASS,PASS,FAIL,PASS,PASS
2,5,6.1,0,0,2.9,2.9,5.01,5.011,0.00228,0.002322,0.001128,208.3,-83.57,1645,275,2.421,-19.08,-29.46,-73.73,-19.5,-54.12,208.3,-84.47,PASS,PASS,PASS,PASS,PASS,FAIL,PASS,PASS
3,8,6.1,0,0,2.9,2.9,8.004,8.006,0.001967,0.001967,0.0007121,125,-84.98,-1125,225,2.421,-19.43,-37.29,-73.73,-19.5,-54.12,125,-91.79,PASS,PASS,PASS,PASS,PASS,FAIL,PASS,PASS
4,3,8.1,0,0,5,5,3.023,3.015,0.005586,0.003545,0.0001243,291.7,-70.69,-775,395,2.381,-15.29,-17.36,-73.73,-19.5,-56.49,291.7,-73.98,PASS,PASS,PASS,PASS,PASS,FAIL,PASS,PASS
5,5,8.1,0,0,5,5,5.003,5.01,0.002153,0.002379,0.0003345,208.3,-83.46,-815,275,2.381,-18.8,-27.07,-73.73,-19.5,-56.49,208.3,-84.47,PASS,PASS,PASS,PASS,PASS,FAIL,PASS,PASS
6,8,8.1,0,0,5,5,7.995,8.003,0.001498,0.001498,0.0003023,125,-86.76,1125,225,2.381,-19.39,-35.27,-73.73,-19.5,-56.49,125,-91.79,PASS,PASS,PASS,PASS,PASS,FAIL,PASS,PASS
7,3,6.1,-0.1,0,2.9,2.9,3.058,3.023,0.02518,0.003494,0.001162,291.7,-67.19,-775,395,2.321,-16.79,-20.11,-73.73,-19.5,-54.12,291.7,-73.98,PASS,PASS,PASS,PASS,PASS,FAIL,PASS,PASS
8,5,6.1,-0.1,0,2.9,2.9,5.017,5.012,0.02038,0.002261,0.001128,208.3,-71.54,-815,225,2.321,-19.09,-29.56,-73.73,-19.5,-54.12,208.3,-84.47,PASS,PASS,PASS,PASS,PASS,FAIL,PASS,PASS
9,8,6.1,-0.1,0,2.9,2.9,8.001,8.008,0.01676,0.001967,0.0007111,125,-78.36,-755,145,2.321,-19.45,-38.54,-73.73,-19.5,-54.12,125,-91.79,PASS,PASS,PASS,PASS,PASS,FAIL,PASS,PASS
10,3,8.1,-0.1,0,5,5,3.025,3.017,0.02107,0.003597,0.0001266,291.7,-69.12,-775,395,2.281,-15.36,-17.47,-73.73,-19.5,-56.49,291.7,-73.98,PASS,PASS,PASS,PASS,PASS,FAIL,PASS,PASS
11,5,8.1,-0.1,0,5,5,5.003,5.006,0.01706,0.002612,0.0003294,208.3,-72.3,-815,225,2.281,-18.79,-27,-73.73,-19.5,-56.49,208.3,-84.47,PASS,PASS,PASS,PASS,PASS,FAIL,PASS,PASS
12,8,8.1,-0.1,0,5,5,7.999,8.003,0.01411,0.001498,0.0003008,125,-78.64,755,145,2.281,-19.39,-35.36,-73.73,-19.5,-56.49,125,-91.79,PASS,PASS,PASS,PASS,PASS,FAIL,PASS,PASS
13,3,6.1,0.1,0,2.9,2.9,2.965,3.023,0.02384,0.004457,0.001191,291.7,-69.04,-755,435,2.521,-16.4,-19.32,-73.73,-19.5,-54.12,291.7,-73.98,PASS,PASS,PASS,PASS,PASS,FAIL,PASS,PASS
14,5,6.1,0.1,0,2.9,2.9,4.988,5.009,0.01902,0.002035,0.001132,208.3,-73.98,-755,355,2.521,-19.1,-29.6,-73.73,-19.5,-54.12,208.3,-84.47,PASS,PASS,PASS,PASS,PASS,FAIL,PASS,PASS
15,8,6.1,0.1,0,2.9,2.9,7.997,8.005,0.01571,0.001967,0.0007127,125,-78.7,755,225,2.521,-19.45,-38.57,-73.73,-19.5,-54.12,125,-91.79,PASS,PASS,PASS,PASS,PASS,FAIL,PASS,PASS
16,3,8.1,0.1,0,5,5,2.998,3.02,0.02083,0.004273,0.0001289,291.7,-69.93,815,435,2.481,-15.22,-17.24,-73.73,-19.5,-56.49,291.7,-73.98,PASS,PASS,PASS,PASS,PASS,FAIL,PASS,PASS
17,5,8.1,0.1,0,5,5,5.001,5.009,0.01555,0.002433,0.0003334,208.3,-74.96,-775,355,2.481,-18.79,-27.02,-73.73,-19.5,-56.49,208.3,-84.47,PASS,PASS,PASS,PASS,PASS,FAIL,PASS,PASS
18,8,8.1,0.1,0,5,5,7.994,8.005,0.01312,0.001531,0.000303,125,-79.39,-755,225,2.481,-19.39,-35.45,-73.73,-19.5,-56.49,125,-91.79,PASS,PASS,PASS,PASS,PASS,FAIL,PASS,PASS
19,3,6.1,0,0.001,2.9,2.905,3.036,3.021,0.005462,0.003861,0.0008702,291.7,-70.44,-775,395,2.424,-16.56,-19.65,-73.73,-19.5,-54.13,291.7,-73.98,PASS,PASS,PASS,PASS,PASS,FAIL,PASS,PASS
20,5,6.1,0,0.001,2.9,2.905,5.017,5.02,0.003159,0.002923,0.0009613,208.3,-83.12,-815,275,2.424,-19.04,-29.05,-73.73,-19.5,-54.13,208.3,-84.47,PASS,PASS,PASS,PASS,PASS,FAIL,PASS,PASS
21,8,6.1,0,0.001,2.9,2.905,8.014,8.016,0.002791,0.001965,0.0006687,125,-86.26,1125,225,2.424,-19.43,-37.57,-73.73,-19.5,-54.13,125,-91.79,PASS,PASS,PASS,PASS,PASS,FAIL,PASS,PASS
22,3,8.1,0,0.001,5,5.006,3.026,3.02,0.005876,0.004502,5.553e-05,291.7,-70.48,-775,395,2.383,-15.27,-17.32,-73.73,-19.5,-56.5,291.7,-73.98,PASS,PASS,PASS,PASS,PASS,FAIL,PASS,PASS
23,5,8.1,0,0.001,5,5.006,5.009,5.014,0.002688,0.002448,0.0002517,208.3,-82.02,-815,275,2.384,-18.61,-25.94,-73.73,-19.5,-56.5,208.3,-84.47,PASS,PASS,PASS,PASS,PASS,FAIL,PASS,PASS
24,8,8.1,0,0.001,5,5.006,8.01,8.011,0.002152,0.001585,0.0002739,125,-85.8,-1125,225,2.384,-19.35,-34.11,-73.73,-19.5,-56.5,125,-91.79,PASS,PASS,PASS,PASS,PASS,FAIL,PASS,PASS
25,3,6.1,0,-0.001,2.9,2.895,3.016,3.016,0.005507,0.004404,0.001562,291.7,-71.19,-775,395,2.418,-17.08,-20.76,-73.73,-19.5,-54.12,291.7,-73.98,PASS,PASS,PASS,PASS,PASS,FAIL,PASS,PASS
26,5,6.1,0,-0.001,2.9,2.895,5.001,5.007,0.003358,0.001969,0.001314,208.3,-83.42,-1645,275,2.418,-19.16,-30.33,-73.73,-19.5,-54.12,208.3,-84.47,PASS,PASS,PASS,PASS,PASS,FAIL,PASS,PASS
27,8,6.1,0,-0.001,2.9,2.895,7.992,7.992,0.003198,0.001969,0.0007624,125,-84.31,1125,225,2.418,-19.46,-39.51,-73.73,-19.5,-54.12,125,-91.79,PASS,PASS,PASS,PASS,PASS,FAIL,PASS,PASS
28,3,8.1,0,-0.001,5,4.993,3.019,3.012,0.005531,0.002984,0.0002362,291.7,-71.18,775,395,2.379,-15.37,-17.48,-73.73,-19.5,-56.48,291.7,-73.98,PASS,PASS,PASS,PASS,PASS,FAIL,PASS,PASS
29,5,8.1,0,-0.001,5,4.993,4.999,5.006,0.002614,0.002301,0.0004396,208.3,-85.69,-1585,275,2.379,-18.87,-27.58,-73.73,-19.5,-56.48,208.3,-84.47,PASS,PASS,PASS,PASS,PASS,FAIL,PASS,PASS
30,8,8.1,0,-0.001,5,4.993,7.989,7.996,0.00244,0.001681,0.0003462,125,-87.47,-1125,225,2.379,-19.42,-36.97,-73.73,-19.5,-56.48,125,-91.79,PASS,PASS,PASS,PASS,PASS,FAIL,PASS,PASS
