layout,metric,base,band_up,band_dn,largest_inputs
A5-R4,tj_ss,142.0888,28.0912,18.6171,k_orient [E] 24.4 K; a5_idd [DD] 12.5 K; vent_area [E] 10.2 K
A5-R4,tj_pk50,114.5725,12.7070,11.1352,k_orient [E] 10.4 K; a5_idd [DD] 8.0 K; vent_area [E] 4.6 K
A5-R4,tj_300,109.1779,6.1089,10.9388,a5_idd [DD] 8.7 K; r_feed [E] 4.8 K; k_orient [E] 3.5 K
A5-R4,tj_180,96.6209,4.8843,9.1716,a5_idd [DD] 7.3 K; r_feed [E] 4.0 K; r_spread_x [E] 2.7 K
A5-R4,case_ss,121.8353,28.0088,15.8981,k_orient [E] 24.4 K; vent_area [E] 10.2 K; a5_idd [DD] 9.3 K
A5-R4,dl_case,84.4444,11.0950,6.9109,k_orient [E] 9.5 K; vent_area [E] 4.2 K; a5_idd [DD] 4.0 K
A5-R4,surf5,64.1822,4.4162,6.4217,a5_idd [DD] 4.9 K; k_orient [E] 3.5 K; r_feed [E] 2.7 K
A5-R4,petg_ss,92.2799,17.4097,8.0340,vent_area [E] 15.7 K; k_orient [E] 4.6 K; a5_idd [DD] 4.5 K
A5-R4,petg_ss50,74.6275,9.6184,4.4255,vent_area [E] 8.7 K; a5_idd [DD] 2.3 K; k_orient [E] 2.1 K
A5-R4,dl_petg,70.6646,8.3660,3.8332,vent_area [E] 7.6 K; a5_idd [DD] 2.0 K; k_orient [E] 1.9 K
A5-R4,bay_ss,88.8258,26.8035,7.5779,vent_area [E] 25.7 K; cd_vent [E] 5.4 K; k_orient [E] 3.5 K
A5-R4,dl_bay,69.8364,13.0522,3.8396,vent_area [E] 12.5 K; cd_vent [E] 2.8 K; k_orient [E] 1.6 K
A5-R4,cell30,51.8146,2.0804,1.5061,r_cellpath [E] 1.1 K; r_feed [E] 1.1 K; g_cell_main [E] 0.9 K
A5-R4,main30,58.5638,3.8910,2.8889,r_feed [E] 2.7 K; a_mw [E] 2.0 K; p_lm2940 [DD] 1.7 K
A5-R4,cell_ss50,61.3257,5.1868,3.4490,a_mw [E] 2.6 K; r_feed [E] 2.4 K; g_cell_wall [E] 2.3 K
A5-R4,dl_cell,59.5500,4.4813,3.1470,a_mw [E] 2.3 K; g_cell_wall [E] 2.0 K; r_feed [E] 1.9 K
A5-R4,dl_main,60.1992,4.5908,3.3983,a_mw [E] 2.9 K; r_feed [E] 2.5 K; p_lm2940 [DD] 2.0 K
A5-DC,tj_ss,125.9480,19.9691,12.3628,k_orient [E] 19.3 K; a5_idd [DD] 8.5 K; r_feed [E] 4.5 K
A5-DC,tj_pk50,104.3873,12.3543,10.8678,k_orient [E] 11.2 K; a5_idd [DD] 7.6 K; r_feed [E] 4.2 K
A5-DC,tj_300,107.0576,6.4423,10.8302,a5_idd [DD] 8.6 K; r_feed [E] 4.7 K; k_orient [E] 4.2 K
A5-DC,tj_180,95.8368,4.9410,9.1394,a5_idd [DD] 7.3 K; r_feed [E] 4.0 K; r_spread_x [E] 2.7 K
A5-DC,case_ss,105.6945,19.8531,9.5577,k_orient [E] 19.3 K; a5_idd [DD] 5.3 K; r_spread_x [E] 2.9 K
A5-DC,dl_case,87.2107,12.7483,8.4360,k_orient [E] 12.1 K; a5_idd [DD] 4.6 K; r_feed [E] 2.5 K
A5-DC,surf5,32.2864,2.4407,2.8107,r_frac [E] 1.3 K; guard_solid [E] 1.1 K; v_g [E] 1.1 K
A5-DC,petg_ss,65.9812,7.7188,3.7987,vent_area_dc [E] 3.6 K; k_orient [E] 3.0 K; r_frac [E] 2.6 K
A5-DC,petg_ss50,58.7059,4.6671,1.9189,vent_area_dc [E] 2.8 K; relay_hold [E] 2.4 K; cd_vent [E] 1.9 K
A5-DC,dl_petg,60.0510,5.1338,2.0554,vent_area_dc [E] 3.2 K; relay_hold [E] 2.4 K; cd_vent [E] 2.1 K
A5-DC,fr4_ss,74.8219,7.7874,4.2114,k_orient [E] 4.7 K; vent_area_dc [E] 4.1 K; cd_vent [E] 2.5 K
A5-DC,bay_ss,67.0532,8.5831,2.8987,vent_area_dc [E] 6.7 K; cd_vent [E] 4.0 K; relay_hold [E] 2.6 K
A5-DC,dl_bay,61.3851,6.4365,2.1709,vent_area_dc [E] 4.7 K; relay_hold [E] 2.9 K; cd_vent [E] 2.9 K
A5-DC,cell30,50.6750,1.9223,1.2198,r_cellpath [E] 1.1 K; r_feed [E] 1.1 K; p_lm2940 [DD] 0.6 K
A5-DC,main30,54.9195,3.4945,2.2759,r_feed [E] 2.6 K; p_lm2940 [DD] 1.6 K; a_mw [E] 1.4 K
A5-DC,cell_ss50,57.5206,4.3669,2.6733,r_feed [E] 2.3 K; r_cellpath [E] 2.0 K; g_cell_wall [E] 1.8 K
A5-DC,dl_cell,58.8751,4.9679,2.9035,r_feed [E] 2.7 K; r_cellpath [E] 2.4 K; g_cell_wall [E] 2.1 K
A5-DC,dl_main,57.7868,4.7350,2.8366,r_feed [E] 3.4 K; a_mw [E] 2.1 K; p_lm2940 [DD] 1.8 K
A4-R4,tj_ss,130.9394,19.6614,14.5531,a4_isat [DD] 15.4 K; k_orient [E] 10.0 K; a4_r_pad [E] 3.7 K
A4-R4,tj_pk50,111.8624,16.7229,11.9625,a4_isat [DD] 13.4 K; k_orient [E] 8.0 K; a4_r_pad [E] 3.4 K
A4-R4,tj_300,107.5455,15.2380,11.8930,a4_isat [DD] 13.9 K; r_feed [E] 3.7 K; a4_r_pad [E] 3.7 K
A4-R4,tj_180,99.5925,13.6981,10.5687,a4_isat [DD] 12.4 K; a4_r_pad [E] 3.7 K; r_feed [E] 3.4 K
A4-R4,case_ss,106.5167,15.3821,10.6210,k_orient [E] 10.0 K; a4_isat [DD] 9.7 K; a4_r_pad [E] 3.7 K
A4-R4,dl_case,77.6990,9.8381,6.0897,k_orient [E] 7.3 K; a4_isat [DD] 5.5 K; eta_guard3 [E] 1.7 K
A4-R4,surf5,49.6562,5.7641,4.9157,a4_isat [DD] 5.0 K; k_orient [E] 2.3 K; a4_gva_on_sink [E] 2.0 K
A4-R4,petg_ss,68.3442,5.3017,4.7595,a4_isat [DD] 3.1 K; h_out_c [E] 2.1 K; rad_f_ef [E] 1.9 K
A4-R4,petg_ss50,59.5907,3.4161,3.0108,a4_isat [DD] 1.8 K; k_orient [E] 1.5 K; h_out_c [E] 1.4 K
A4-R4,dl_petg,58.6487,3.1640,2.8104,a4_isat [DD] 1.7 K; k_orient [E] 1.4 K; h_out_c [E] 1.4 K
A4-R4,bay_ss,73.3321,6.1086,5.1145,a_mw [E] 4.2 K; a4_isat [DD] 2.9 K; r_feed [E] 2.1 K
A4-R4,dl_bay,63.4999,3.8729,3.4961,a_mw [E] 2.9 K; p_lm2940 [DD] 1.6 K; a4_isat [DD] 1.5 K
A4-R4,cell30,52.4374,1.9960,1.7267,g_cell_main [E] 1.3 K; a4_isat [DD] 0.8 K; a_mw [E] 0.7 K
A4-R4,main30,61.7194,3.1407,2.9905,a_mw [E] 2.1 K; p_lm2940 [DD] 1.5 K; a4_isat [DD] 1.4 K
A4-R4,cell_ss50,62.4115,4.2236,3.4045,a_mw [E] 2.5 K; g_cell_wall [E] 2.0 K; a4_isat [DD] 1.8 K
A4-R4,dl_cell,61.4715,3.9663,3.2427,a_mw [E] 2.3 K; g_cell_wall [E] 1.9 K; a4_isat [DD] 1.6 K
A4-R4,dl_main,63.4999,3.8729,3.4961,a_mw [E] 2.9 K; p_lm2940 [DD] 1.6 K; a4_isat [DD] 1.5 K
A4-DC,tj_ss,122.6192,20.2877,14.7445,a4_isat [DD] 15.0 K; k_orient [E] 12.0 K; r_feed [E] 4.4 K
A4-DC,tj_pk50,105.5318,16.2376,11.9884,a4_isat [DD] 12.9 K; k_orient [E] 8.1 K; r_feed [E] 3.7 K
A4-DC,tj_300,106.4475,15.1917,11.9020,a4_isat [DD] 13.8 K; r_feed [E] 3.9 K; a4_r_pad [E] 3.7 K
A4-DC,tj_180,99.1277,13.6722,10.5792,a4_isat [DD] 12.4 K; a4_r_pad [E] 3.7 K; r_feed [E] 3.5 K
A4-DC,case_ss,98.1964,16.3314,10.8317,k_orient [E] 12.0 K; a4_isat [DD] 9.2 K; a4_r_pad [E] 3.7 K
A4-DC,dl_case,79.2896,11.9194,7.2308,k_orient [E] 9.2 K; a4_isat [DD] 6.4 K; a4_r_pad [E] 2.2 K
A4-DC,surf5,29.4110,1.7963,1.7605,a4_isat [DD] 1.0 K; r_frac [E] 0.8 K; guard_solid [E] 0.7 K
A4-DC,petg_ss,59.6076,5.6513,1.9712,vent_area_dc [E] 3.1 K; relay_hold [E] 2.4 K; cd_vent [E] 2.0 K
A4-DC,petg_ss50,55.6098,3.8804,1.6600,relay_hold [E] 2.6 K; vent_area_dc [E] 2.0 K; cd_vent [E] 1.3 K
A4-DC,dl_petg,56.4499,4.0864,1.7266,relay_hold [E] 2.5 K; vent_area_dc [E] 2.2 K; cd_vent [E] 1.5 K
A4-DC,fr4_ss,66.8868,6.2285,3.8341,k_orient [E] 3.0 K; vent_area_dc [E] 2.8 K; a4_isat [DD] 2.4 K
A4-DC,bay_ss,60.9506,6.3376,2.1705,vent_area_dc [E] 4.5 K; relay_hold [E] 2.9 K; cd_vent [E] 2.8 K
A4-DC,dl_bay,57.1735,5.1521,1.6769,vent_area_dc [E] 3.2 K; relay_hold [E] 3.2 K; cd_vent [E] 2.0 K
A4-DC,cell30,49.1562,1.3858,1.0302,p_lm2940 [DD] 0.7 K; r_cellpath [E] 0.6 K; r_feed [E] 0.6 K
A4-DC,main30,53.1481,2.6007,2.0920,p_lm2940 [DD] 1.7 K; r_feed [E] 1.5 K; relay_hold [E] 1.3 K
A4-DC,cell_ss50,54.4088,3.1749,2.2133,p_lm2940 [DD] 1.5 K; a_mw [E] 1.3 K; r_feed [E] 1.3 K
A4-DC,dl_cell,55.1711,3.5029,2.3137,r_feed [E] 1.6 K; p_lm2940 [DD] 1.4 K; g_cell_wall [E] 1.4 K
A4-DC,dl_main,55.2340,3.4814,2.5335,r_feed [E] 2.0 K; p_lm2940 [DD] 1.8 K; a_mw [E] 1.7 K
