layout,case,tol,overrides,tj_max_cont,tj_max_50,t_first_off,tj_first_off,case_minus_reading_at_first_off,p_pa,setpoint_110,tj_at_setpoint,n_offs
A5-R4,nominal,0.0000,,108.5136,108.7090,306.5000,108.3947,3.1687,9.9390,86.5000,109.9851,30
A5-R4,+3 C tolerance,3.0000,,111.4576,111.6350,343.1000,111.2737,3.0725,9.9390,83.5000,109.9851,28
A5-R4,"+3 C, sensor offset and lag adverse",3.0000,ntc_frac_a5=1;tau_ntc_a5=15,114.3328,113.3979,380.7000,113.5904,5.5509,9.9390,80.4000,109.8842,18
A5-R4,"+3 C, sensor, Rth and dissipation adverse",3.0000,ntc_frac_a5=1;tau_ntc_a5=15;a5_rjc2=2.64;a5_bond=7.5e-05;a5_p1=1.2;r_feed=0,123.1518,122.1029,335.3000,122.9607,9.2622,10.9480,71.4000,109.9586,18
A5-DC,nominal,0.0000,,108.2983,104.3262,335.1000,108.2525,3.0220,9.9390,86.7000,109.9557,27
A5-DC,+3 C tolerance,3.0000,,111.2237,104.3262,384.4000,111.1489,2.9274,9.9390,83.7000,109.9557,30
A5-DC,"+3 C, sensor offset and lag adverse",3.0000,ntc_frac_a5=1;tau_ntc_a5=15,113.8902,104.3262,436.1000,113.5746,5.4020,9.9390,80.9000,109.9988,17
A5-DC,"+3 C, sensor, Rth and dissipation adverse",3.0000,ntc_frac_a5=1;tau_ntc_a5=15;a5_rjc2=2.64;a5_bond=7.5e-05;a5_p1=1.2;r_feed=0,122.7485,115.5270,370.4000,122.4436,8.7807,10.9480,71.7000,109.9933,19
A4-R4,nominal,0.0000,,114.7966,111.3768,466.6000,114.0107,4.5954,5.5506,79.6000,109.9124,164
A4-R4,+3 C tolerance,3.0000,,117.4894,111.3768,552.1000,116.9183,4.4989,5.5506,76.6000,109.9124,151
A4-R4,"+3 C, sensor offset and lag adverse",3.0000,ntc_frac_a4=1;tau_ntc_a4=6,117.7503,111.3768,562.5000,117.1380,4.7167,5.5506,75.9000,109.9865,47
A4-R4,"+3 C, sensor, Rth and dissipation adverse",3.0000,ntc_frac_a4=1;tau_ntc_a4=6;a4_rjc=4.84;a4_isat=1.558;a4_r_pad=1.5,133.4960,132.0052,363.5000,131.6851,10.5108,6.8561,60.0000,109.9966,133
A4-DC,nominal,0.0000,,114.1331,105.4948,537.7000,113.9208,4.5009,5.5506,80.3000,109.9167,105
A4-DC,+3 C tolerance,3.0000,,116.9575,105.4948,699.7000,116.9041,4.4802,5.5506,77.3000,109.9167,75
A4-DC,"+3 C, sensor offset and lag adverse",3.0000,ntc_frac_a4=1;tau_ntc_a4=6,117.0904,105.4948,712.1000,117.0498,4.6299,5.5506,77.1000,109.9701,53
A4-DC,"+3 C, sensor, Rth and dissipation adverse",3.0000,ntc_frac_a4=1;tau_ntc_a4=6;a4_rjc=4.84;a4_isat=1.558;a4_r_pad=1.5,132.3553,125.6309,400.8000,131.6087,10.4355,6.8561,60.0000,109.8615,118
