layout,event,t_min,tj_at_event
A5-R4,inh_sink,5.1667,110.0603
A5-R4,inh_case,4.8500,108.3641
A5-R4,hw_sink,7.5000,120.1187
A5-R4,cell60,44.6667,141.6682
A5-R4,tj110,5.1667,110.0603
A5-R4,first_with_sink_ntc=inh_sink,5.1667,110.0603
A5-R4,first_with_case_ntc=inh_case,4.8500,108.3641
A5-DC,inh_sink,5.7167,110.1020
A5-DC,inh_case,5.2667,108.2432
A5-DC,hw_sink,9.6000,120.1569
A5-DC,cell60,64.5667,125.9430
A5-DC,tj110,5.7000,110.0362
A5-DC,first_with_sink_ntc=inh_sink,5.7167,110.1020
A5-DC,first_with_case_ntc=inh_case,5.2667,108.2432
A4-R4,inh_sink,12.8000,122.9887
A4-R4,inh_case,7.1833,113.8684
A4-R4,hw_sink,nan,nan
A4-R4,cell60,40.1833,129.9516
A4-R4,tj110,5.7667,110.0158
A4-R4,first_with_sink_ntc=inh_sink,12.8000,122.9887
A4-R4,first_with_case_ntc=inh_case,7.1833,113.8684
A4-DC,inh_sink,nan,nan
A4-DC,inh_case,8.2000,113.8328
A4-DC,hw_sink,nan,nan
A4-DC,cell60,nan,nan
A4-DC,tj110,6.3167,110.0331
A4-DC,first_with_sink_ntc=none,nan,nan
A4-DC,first_with_case_ntc=inh_case,8.2000,113.8328
