layout,duty,tj_pk,case_d,petg_d,bay_d,cell_d,main_d
A5-DC/CAP,0.2000,85.9470,61.3350,54.2988,54.5179,53.3634,53.9332
A5-DC/CAP,0.2500,89.3378,64.9887,55.0821,55.4688,54.0680,54.4353
A5-DC/CAP,0.3000,92.7888,68.7173,55.8519,56.4003,54.7688,54.9323
A5-DC/CAP,0.3500,95.8288,72.0249,56.5892,57.2847,55.4627,55.4206
A5-DC/CAP,0.4000,98.7633,75.2178,57.3091,58.1439,56.1524,55.9033
A5-DC/CAP,0.4500,101.6213,78.3397,58.0145,58.9825,56.8383,56.3810
A5-DC/CAP,0.5000,104.3873,81.3762,58.7059,59.8011,57.5206,56.8540
A5-DC/CAP,0.5500,107.0683,84.3309,59.3844,60.6015,58.1994,57.3225
A5-DC/CAP,0.6000,109.6901,87.2107,60.0510,61.3851,58.8751,57.7868
A5-DC/CAP,0.6500,112.1494,89.9618,60.7045,62.1499,59.5474,58.2467
A5-DC/CAP,0.7000,114.3774,92.4548,61.3406,62.8900,60.2158,58.7015
A5-CL,0.2000,90.9016,66.2854,52.1361,53.7629,49.7941,49.3980
A5-CL,0.2500,94.1507,69.8078,52.9473,54.7352,50.5215,49.9307
A5-CL,0.3000,97.1370,73.0658,53.9430,55.6639,51.2413,50.4537
A5-CL,0.3500,100.0291,76.2253,55.0191,56.5635,51.9554,50.9692
A5-CL,0.4000,102.8572,79.3128,56.0797,57.4384,52.6645,51.4782
A5-CL,0.4500,105.5937,82.3140,57.1226,58.2899,53.3688,51.9809
A5-CL,0.5000,108.2455,85.2363,58.1492,59.1204,54.0688,52.4779
A5-CL,0.5500,110.8218,88.0863,59.1604,59.9318,54.7647,52.9696
A5-CL,0.6000,113.1664,90.6995,60.1298,60.7163,55.4558,53.4549
A5-CL,0.6500,115.3496,93.1641,61.0711,61.4801,56.1428,53.9350
A5-CL,0.7000,117.5081,95.5858,62.0015,62.2303,56.8267,54.4109
