pin_w,pout_w
0.01010,0.4891
0.01014,0.4891
0.01017,0.4891
0.01020,0.4991
0.01023,0.4991
0.01026,0.4991
0.01029,0.4991
0.01032,0.4991
0.01035,0.5090
0.01038,0.5190
0.01041,0.5190
0.01044,0.5190
0.01047,0.5190
0.01050,0.5190
0.01054,0.5190
0.01057,0.5290
0.01060,0.5290
0.01063,0.5290
0.01066,0.5290
0.01069,0.5290
0.01073,0.5390
0.01076,0.5390
0.01079,0.5490
0.01082,0.5490
0.01085,0.5490
0.01089,0.5490
0.01092,0.5490
0.01095,0.5490
0.01098,0.5590
0.01102,0.5689
0.01105,0.5689
0.01108,0.5689
0.01112,0.5689
0.01115,0.5689
0.01118,0.5789
0.01122,0.5789
0.01125,0.5789
0.01128,0.5789
0.01132,0.5789
0.01135,0.5789
0.01138,0.5989
0.01142,0.5989
0.01145,0.5989
0.01149,0.5989
0.01152,0.5989
0.01156,0.5989
0.01159,0.6089
0.01162,0.5190
0.01166,0.6188
0.01169,0.6188
0.01173,0.6188
0.01176,0.6188
0.01180,0.5390
0.01183,0.5390
0.01187,0.5390
0.01190,0.5390
0.01194,0.5390
0.01198,0.6388
0.01201,0.5590
0.01205,0.5590
0.01208,0.5590
0.01212,0.5590
0.01216,0.5590
0.01219,0.5590
0.01223,0.5590
0.01227,0.5789
0.01230,0.5789
0.01234,0.5789
0.01238,0.5789
0.01241,0.5789
0.01245,0.5789
0.01249,0.5789
0.01252,0.5789
0.01256,0.5789
0.01260,0.5989
0.01264,0.5989
0.01267,0.5989
0.01271,0.5989
0.01275,0.5989
0.01279,0.5989
0.01283,0.5989
0.01286,0.6188
0.01290,0.6188
0.01294,0.6188
0.01298,0.6188
0.01302,0.6188
0.01306,0.6188
0.01310,0.6388
0.01314,0.6388
0.01317,0.6388
0.01321,0.6388
0.01325,0.6388
0.01329,0.6388
0.01333,0.6388
0.01337,0.6388
0.01341,0.6388
0.01345,0.6588
0.01349,0.6588
0.01353,0.6588
0.01357,0.6588
0.01361,0.6588
0.01365,0.6588
0.01370,0.6588
0.01374,0.6588
0.01378,0.6787
0.01382,0.6787
0.01386,0.6787
0.01390,0.6787
0.01394,0.6787
0.01398,0.6787
0.01403,0.6787
0.01407,0.6787
0.01411,0.6987
0.01415,0.6987
0.01419,0.6987
0.01424,0.6987
0.01428,0.6987
0.01432,0.6987
0.01436,0.7187
0.01441,0.7187
0.01445,0.7187
0.01449,0.7187
0.01454,0.7187
0.01458,0.7187
0.01462,0.7386
0.01467,0.7386
0.01471,0.7386
0.01475,0.7386
0.01480,0.7386
0.01484,0.7386
0.01489,0.7386
0.01493,0.7386
0.01498,0.7586
0.01502,0.7586
0.01507,0.7586
0.01511,0.7586
0.01516,0.7586
0.01520,0.7586
0.01525,0.7586
0.01529,0.7586
0.01534,0.7785
0.01538,0.7785
0.01543,0.7785
0.01548,0.7785
0.01552,0.7785
0.01557,0.7785
0.01561,0.7985
0.01566,0.7985
0.01571,0.7985
0.01575,0.7985
0.01580,0.7985
0.01585,0.7985
0.01590,0.7985
0.01594,0.8185
0.01599,0.8185
0.01604,0.8185
0.01609,0.8185
0.01613,0.8185
0.01618,0.8185
0.01623,0.8185
0.01628,0.8384
0.01633,0.8384
0.01638,0.8384
0.01643,0.8384
0.01648,0.8384
0.01652,0.8384
0.01657,0.8584
0.01662,0.8584
0.01667,0.8584
0.01672,0.8584
0.01677,0.8584
0.01682,0.8784
0.01687,0.8784
0.01692,0.8784
0.01697,0.8784
0.01702,0.8784
0.01708,0.8784
0.01713,0.8784
0.01718,0.8784
0.01723,0.8983
0.01728,0.8983
0.01733,0.8983
0.01738,0.8983
0.01744,0.8983
0.01749,0.8983
0.01754,0.9083
0.01759,0.9183
0.01764,0.9183
0.01770,0.9183
0.01775,0.9183
0.01780,0.9283
0.01786,0.9283
0.01791,0.9382
0.01796,0.9382
0.01802,0.9382
0.01807,0.9382
0.01812,0.9382
0.01818,0.9482
0.01823,0.9582
0.01829,0.9582
0.01834,0.9582
0.01840,0.9582
0.01845,0.9582
0.01851,0.9782
0.01856,0.9782
0.01862,0.9782
0.01867,0.9782
0.01873,0.9782
0.01878,0.9782
0.01884,0.9782
0.01890,0.9981
0.01895,0.9981
0.01901,0.9981
0.01907,0.9981
0.01912,1.0081
0.01918,1.0181
0.01924,1.0181
0.01929,1.0181
0.01935,1.0181
0.01941,1.0181
0.01947,1.0181
0.01953,1.0381
0.01958,1.0381
0.01964,1.0381
0.01970,1.0381
0.01976,1.0480
0.01982,1.0580
0.01988,1.0580
0.01994,1.0580
0.02000,1.0680
0.02006,1.0780
0.02012,1.0780
0.02018,1.0780
0.02024,1.0880
0.02030,1.0979
0.02036,1.0979
0.02042,1.0979
0.02048,1.0979
0.02054,1.0979
0.02060,1.1179
0.02066,1.1179
0.02073,1.1179
0.02079,1.1179
0.02085,1.1179
0.02091,1.1379
0.02097,1.1379
0.02104,1.1379
0.02110,1.1379
0.02116,1.1478
0.02123,1.1578
0.02129,1.1578
0.02135,1.1578
0.02142,1.1678
0.02148,1.1778
0.02154,1.1778
0.02161,1.1778
0.02167,1.1878
0.02174,1.1978
0.02180,1.1978
0.02187,1.1978
0.02193,1.2077
0.02200,1.2177
0.02206,1.2177
0.02213,1.2177
0.02220,1.2277
0.02226,1.2377
0.02233,1.2377
0.02240,1.2377
0.02246,1.2477
0.02253,1.2576
0.02260,1.2576
0.02266,1.2576
0.02273,1.2676
0.02280,1.2776
0.02287,1.2776
0.02294,1.2776
0.02300,1.2876
0.02307,1.2976
0.02314,1.2976
0.02321,1.2976
0.02328,1.3075
0.02335,1.3175
0.02342,1.3175
0.02349,1.3175
0.02356,1.3275
0.02363,1.3375
0.02370,1.3375
0.02377,1.3375
0.02384,1.3475
0.02391,1.3575
0.02398,1.3575
0.02406,1.3575
0.02413,1.3674
0.02420,1.3774
0.02427,1.3774
0.02434,1.3774
0.02442,1.3874
0.02449,1.3974
0.02456,1.3974
0.02464,1.4074
0.02471,1.4173
0.02478,1.4173
0.02486,1.4173
0.02493,1.4373
0.02501,1.4373
0.02508,1.4373
0.02516,1.4373
0.02523,1.4573
0.02531,1.4573
0.02538,1.4573
0.02546,1.4672
0.02553,1.4772
0.02561,1.4772
0.02569,1.4872
0.02576,1.4972
0.02584,1.4972
0.02592,1.5072
0.02599,1.5172
0.02607,1.5172
0.02615,1.5172
0.02623,1.5371
0.02631,1.5371
0.02639,1.5371
0.02646,1.5371
0.02654,1.5571
0.02662,1.5571
0.02670,1.5571
0.02678,1.5571
0.02686,1.5770
0.02694,1.5770
0.02702,1.5770
0.02710,1.5870
0.02718,1.5970
0.02726,1.5970
0.02735,1.6070
0.02743,1.6170
0.02751,1.6170
0.02759,1.6269
0.02767,1.6369
0.02776,1.6369
0.02784,1.6369
0.02792,1.6569
0.02801,1.6569
0.02809,1.6569
0.02817,1.6669
0.02826,1.6769
0.02834,1.6769
0.02843,1.6868
0.02851,1.6968
0.02860,1.6968
0.02868,1.6968
0.02877,1.7168
0.02885,1.7168
0.02894,1.7168
0.02903,1.7367
0.02911,1.7367
0.02920,1.7367
0.02929,1.7467
0.02937,1.7567
0.02946,1.7567
0.02955,1.7667
0.02964,1.7767
0.02973,1.7767
0.02981,1.7867
0.02990,1.7966
0.02999,1.7966
0.03008,1.8066
0.03017,1.8166
0.03026,1.8266
0.03035,1.8366
0.03044,1.8366
0.03053,1.8465
0.03063,1.8565
0.03072,1.8565
0.03081,1.8665
0.03090,1.8765
0.03099,1.8765
0.03109,1.8865
0.03118,1.8964
0.03127,1.8964
0.03136,1.9064
0.03146,1.9164
0.03155,1.9164
0.03165,1.9264
0.03174,1.9364
0.03184,1.9464
0.03193,1.9563
0.03203,1.9563
0.03212,1.9663
0.03222,1.9763
0.03231,1.9863
0.03241,1.9963
0.03251,2.0062
0.03260,2.0062
0.03270,2.0162
0.03280,2.0262
0.03290,2.0362
0.03299,2.0462
0.03309,2.0462
0.03319,2.0561
0.03329,2.0661
0.03339,2.0761
0.03349,2.0861
0.03359,2.0961
0.03369,2.1061
0.03379,2.1061
0.03389,2.1160
0.03399,2.1260
0.03409,2.1360
0.03420,2.1460
0.03430,2.1560
0.03440,2.1560
0.03450,2.1659
0.03461,2.1759
0.03471,2.1859
0.03481,2.1859
0.03492,2.1959
0.03502,2.2059
0.03513,2.2158
0.03523,2.2258
0.03534,2.2358
0.03544,2.2458
0.03555,2.2458
0.03565,2.2658
0.03576,2.2658
0.03587,2.2857
0.03597,2.2857
0.03608,2.2957
0.03619,2.3057
0.03630,2.3157
0.03641,2.3256
0.03651,2.3356
0.03662,2.3456
0.03673,2.3456
0.03684,2.3656
0.03695,2.3656
0.03706,2.3755
0.03717,2.3855
0.03728,2.3955
0.03740,2.4055
0.03751,2.4055
0.03762,2.4255
0.03773,2.4255
0.03784,2.4454
0.03796,2.4454
0.03807,2.4654
0.03818,2.4654
0.03830,2.4853
0.03841,2.4953
0.03853,2.5053
0.03864,2.5153
0.03876,2.5153
0.03887,2.5253
0.03899,2.5352
0.03911,2.5452
0.03922,2.5552
0.03934,2.5652
0.03946,2.5652
0.03957,2.5852
0.03969,2.5951
0.03981,2.6051
0.03993,2.6151
0.04005,2.6251
0.04017,2.6351
0.04029,2.6450
0.04041,2.6550
0.04053,2.6650
0.04065,2.6650
0.04077,2.6850
0.04089,2.6949
0.04102,2.7049
0.04114,2.7149
0.04126,2.7249
0.04138,2.7349
0.04151,2.7449
0.04163,2.7648
0.04176,2.7648
0.04188,2.7748
0.04200,2.7848
0.04213,2.8047
0.04226,2.8047
0.04238,2.8247
0.04251,2.8247
0.04264,2.8447
0.04276,2.8447
0.04289,2.8646
0.04302,2.8646
0.04315,2.8846
0.04328,2.8946
0.04341,2.9046
0.04353,2.9145
0.04366,2.9245
0.04379,2.9445
0.04393,2.9445
0.04406,2.9644
0.04419,2.9644
0.04432,2.9844
0.04445,2.9844
0.04459,3.0044
0.04472,3.0044
0.04485,3.0243
0.04499,3.0343
0.04512,3.0443
0.04525,3.0643
0.04539,3.0643
0.04553,3.0842
0.04566,3.0842
0.04580,3.1042
0.04593,3.1142
0.04607,3.1241
0.04621,3.1341
0.04635,3.1441
0.04649,3.1541
0.04662,3.1641
0.04676,3.1740
0.04690,3.1940
0.04704,3.2040
0.04718,3.2140
0.04732,3.2240
0.04747,3.2439
0.04761,3.2439
0.04775,3.2639
0.04789,3.2739
0.04803,3.2838
0.04818,3.3038
0.04832,3.3038
0.04847,3.3238
0.04861,3.3238
0.04876,3.3437
0.04890,3.3437
0.04905,3.3637
0.04919,3.3637
0.04934,3.3837
0.04949,3.3936
0.04964,3.4036
0.04978,3.4136
0.04993,3.4236
0.05008,3.4435
0.05023,3.4535
0.05038,3.4635
0.05053,3.4835
0.05068,3.4934
0.05083,3.5034
0.05099,3.5234
0.05114,3.5334
0.05129,3.5434
0.05144,3.5533
0.05160,3.5633
0.05175,3.5833
0.05191,3.5933
0.05206,3.6032
0.05222,3.6132
0.05237,3.6332
0.05253,3.6432
0.05268,3.6532
0.05284,3.6731
0.05300,3.6831
0.05316,3.6931
0.05332,3.7130
0.05348,3.7230
0.05364,3.7330
0.05380,3.7530
0.05396,3.7629
0.05412,3.7729
0.05428,3.7929
0.05444,3.8428
0.05460,3.8628
0.05477,3.8727
0.05493,3.8628
0.05509,3.8528
0.05526,3.8727
0.05542,3.8827
0.05559,3.8927
0.05575,3.9027
0.05592,3.9226
0.05609,3.9326
0.05626,3.9426
0.05642,3.9526
0.05659,3.9726
0.05676,3.9825
0.05693,3.9925
0.05710,4.0125
0.05727,4.0225
0.05744,4.0324
0.05761,4.0524
0.05778,4.0624
0.05796,4.0724
0.05813,4.0823
0.05830,4.1023
0.05848,4.1123
0.05865,4.1323
0.05883,4.1422
0.05900,4.1522
0.05918,4.1722
0.05936,4.1822
0.05953,4.1921
0.05971,4.2121
0.05989,4.2221
0.06007,4.2420
0.06025,4.2420
0.06043,4.2620
0.06061,4.2720
0.06079,4.2920
0.06097,4.3019
0.06115,4.3119
0.06133,4.3319
0.06152,4.3419
0.06170,4.3518
0.06189,4.3718
0.06207,4.3818
0.06226,4.3918
0.06244,4.4117
0.06263,4.4217
0.06281,4.4317
0.06300,4.4517
0.06319,4.4616
0.06338,4.4716
0.06357,4.4916
0.06376,4.5016
0.06395,4.5115
0.06414,4.5315
0.06433,4.5415
0.06452,4.5515
0.06471,4.5614
0.06491,4.5814
0.06510,4.5914
0.06530,4.6014
0.06549,4.6213
0.06569,4.6313
0.06588,4.6413
0.06608,4.6613
0.06628,4.6712
0.06647,4.6812
0.06667,4.6912
0.06687,4.7012
0.06707,4.7211
0.06727,4.7311
0.06747,4.7411
0.06767,4.7511
0.06788,4.7711
0.06808,4.7810
0.06828,4.7910
0.06849,4.8110
0.06869,4.8210
0.06889,4.8309
0.06910,4.8509
0.06931,4.8609
0.06951,4.8709
0.06972,4.8808
0.06993,4.9008
0.07014,4.9108
0.07035,4.9208
0.07056,4.9407
0.07077,4.9507
0.07098,4.9607
0.07119,4.9707
0.07140,4.9906
0.07162,5.0006
0.07183,5.0106
0.07205,5.0206
0.07226,5.0405
0.07248,5.0405
0.07269,5.0605
0.07291,5.0705
0.07313,5.0805
0.07335,5.1004
0.07356,5.1104
0.07378,5.1204
0.07400,5.1404
0.07422,5.1503
0.07445,5.1603
0.07467,5.1703
0.07489,5.1803
0.07512,5.2002
0.07534,5.2002
0.07556,5.2202
0.07579,5.2202
0.07602,5.2402
0.07624,5.2502
0.07647,5.2601
0.07670,5.2801
0.07693,5.2801
0.07716,5.3001
0.07739,5.3001
0.07762,5.3200
0.07785,5.3200
0.07808,5.3400
0.07832,5.3500
0.07855,5.3600
0.07878,5.3799
0.07902,5.3799
0.07926,5.3999
0.07949,5.3999
0.07973,5.4198
0.07997,5.4198
0.08021,5.4398
0.08045,5.4398
0.08069,5.4598
0.08093,5.4598
0.08117,5.4797
0.08141,5.4797
0.08165,5.4997
0.08190,5.8490
0.08214,7.0168
0.08239,7.0268
0.08263,5.8590
0.08288,5.8391
0.08313,5.8291
0.08337,5.8291
0.08362,5.8490
0.08387,5.8490
0.08412,5.6294
0.08437,5.6195
0.08463,5.5995
0.08488,5.6195
0.08513,5.6195
0.08539,5.6294
0.08564,5.6394
0.08590,5.6494
0.08615,5.6594
0.08641,5.6594
0.08667,5.6694
0.08693,5.6794
0.08719,5.6893
0.08745,5.6993
0.08771,5.7093
0.08797,5.7193
0.08823,5.7193
0.08850,5.7293
0.08876,5.7392
0.08903,5.7492
0.08929,5.7592
0.08956,5.7592
0.08983,5.7692
0.09009,5.7792
0.09036,5.7891
0.09063,5.7991
0.09090,5.7991
0.09117,5.8091
0.09145,5.8191
0.09172,5.8291
0.09199,5.8291
0.09227,5.8391
0.09254,5.8490
0.09282,5.8490
0.09310,5.8590
0.09337,5.8690
0.09365,5.8790
0.09393,5.8790
0.09421,5.8890
0.09449,5.8989
0.09478,5.9089
0.09506,5.9089
0.09534,5.9988
0.09563,6.0087
0.09591,5.9289
0.09620,6.0187
0.09649,6.0287
0.09677,6.0287
0.09706,6.0287
0.09735,6.0487
0.09764,6.0487
0.09794,6.0487
0.09823,6.0586
0.09852,6.0686
0.09881,6.0686
0.09911,6.0686
0.09941,6.0786
0.09970,6.0786
0.10000,6.0786
0.10030,6.0986
0.10060,6.0986
0.10090,6.0986
0.10120,6.1085
0.10150,6.1185
0.10180,6.1185
0.10211,6.1285
0.10241,6.1285
0.10272,6.1285
0.10303,6.1385
0.10333,6.1485
0.10364,6.1485
0.10395,6.1485
0.10426,6.1585
0.10457,6.1585
0.10488,6.1585
0.10520,6.1585
0.10551,6.1684
0.10583,6.1784
0.10614,6.1784
0.10646,6.1784
0.10678,6.1784
0.10710,6.1884
0.10742,6.1884
0.10774,6.1984
0.10806,6.1984
0.10838,6.2084
0.10870,6.2084
0.10903,6.2084
0.10935,6.2084
0.10968,6.2183
0.11001,6.2283
0.11034,6.2283
0.11067,6.2283
0.11100,6.2383
0.11133,6.2383
0.11166,6.2383
0.11199,6.2383
0.11233,6.2483
0.11266,6.2583
0.11300,6.2583
0.11334,6.2583
0.11367,6.2583
0.11401,6.2583
0.11435,6.2583
0.11470,6.2782
0.11504,6.2782
0.11538,6.2782
0.11573,6.2782
0.11607,6.2882
0.11642,6.2882
0.11677,6.2882
0.11711,6.2982
0.11746,6.3082
0.11781,6.3082
0.11817,6.3082
0.11852,6.3082
0.11887,6.3082
0.11923,6.3082
0.11958,6.3281
0.11994,6.3281
0.12030,6.3281
0.12066,6.3281
0.12102,6.3281
0.12138,6.3281
0.12174,6.3381
0.12210,6.3481
0.12247,6.3481
0.12283,6.3481
0.12320,6.3481
0.12357,6.3481
0.12394,6.3581
0.12431,6.3581
0.12468,6.3581
0.12505,6.3581
0.12542,6.3581
0.12580,6.3681
0.12617,6.3780
0.12655,6.3780
0.12693,6.3780
0.12731,6.3780
0.12769,6.3780
0.12807,6.3780
0.12845,6.3780
0.12883,6.3780
0.12922,6.3880
0.12960,6.3880
0.12999,6.3880
0.13038,6.3980
0.13077,6.3980
0.13116,6.3980
0.13155,6.4080
0.13194,6.4080
0.13234,6.4080
0.13273,6.4080
0.13313,6.4080
0.13353,6.4080
0.13392,6.4180
0.13432,6.4180
0.13473,6.4279
0.13513,6.4279
0.13553,6.4279
0.13594,6.4279
0.13634,6.4279
0.13675,6.4279
0.13716,6.4379
0.13757,6.4379
0.13798,6.4379
0.13839,6.4379
0.13880,6.4379
0.13922,6.4479
0.13963,6.4479
0.14005,6.4479
0.14047,6.4579
0.14089,6.4579
0.14131,6.4579
0.14173,6.4579
0.14215,6.4579
0.14258,6.4579
0.14300,6.4579
0.14343,6.4579
0.14386,6.4679
0.14429,6.4779
0.14472,6.4779
0.14515,6.4779
0.14558,6.4779
0.14602,6.4779
0.14645,6.4779
0.14689,6.4779
0.14733,6.4779
0.14777,6.4878
0.14821,6.4878
0.14865,6.4978
0.14909,6.4978
0.14954,6.4978
0.14999,6.4978
0.15043,6.4978
0.15088,6.4978
0.15133,6.5078
0.15179,6.5078
0.15224,6.5078
0.15269,6.5078
0.15315,6.5078
0.15361,6.5078
0.15406,6.5178
0.15452,6.5178
0.15499,6.5178
0.15545,6.5178
0.15591,6.5178
0.15638,6.5278
0.15684,6.5278
0.15731,6.5278
0.15778,6.5278
0.15825,6.5278
0.15873,6.5278
0.15920,6.5278
0.15967,6.5278
0.16015,6.5377
0.16063,6.5377
0.16111,6.5477
0.16159,6.5477
0.16207,6.5477
0.16256,6.5477
0.16304,6.5477
0.16353,6.5477
0.16402,6.5477
0.16451,6.5477
0.16500,6.5477
0.16549,6.5477
0.16598,6.5577
0.16648,6.5577
0.16698,6.5677
0.16747,6.5677
0.16797,6.5677
0.16848,6.5677
0.16898,6.5677
0.16948,6.5677
0.16999,6.5677
0.17050,6.5677
0.17101,6.5677
0.17152,6.5677
0.17203,6.5677
0.17254,6.5777
0.17306,6.5777
0.17357,6.5777
0.17409,6.5876
0.17461,6.5876
0.17513,6.5876
0.17565,6.5876
0.17618,6.5876
0.17671,6.5777
0.17723,6.5677
0.17776,6.5677
0.17829,6.5677
0.17882,6.5677
0.17936,6.5677
0.17989,6.5677
0.18043,6.5677
0.18097,6.5677
0.18151,6.5677
0.18205,6.5677
0.18259,6.5777
0.18314,6.5777
0.18369,6.5777
0.18424,6.5777
0.18478,6.5876
0.18534,6.5876
0.18589,6.5876
0.18644,6.5876
0.18700,6.6176
0.18756,6.6176
0.18812,6.6176
0.18868,6.6176
0.18924,6.6176
0.18981,6.6276
0.19038,6.6276
0.19094,6.6276
0.19151,6.6276
0.19209,6.6276
0.19266,6.6276
0.19323,6.6376
0.19381,6.6376
0.19439,6.6376
0.19497,6.6376
0.19555,6.6376
0.19614,6.6376
0.19672,6.6376
0.19731,6.6376
0.19790,6.6376
0.19849,6.6376
0.19908,6.6376
0.19967,6.6475
0.20027,6.6475
0.20087,6.6475
0.20147,6.6575
0.20207,6.6575
0.20267,6.6575
0.20328,6.6575
0.20388,6.6575
0.20449,6.6276
