x,y
-9.8454,26.6935
-9.8145,26.6935
-9.7836,26.7473
-9.7527,26.7742
-9.7218,26.8011
-9.6909,26.8548
-9.6600,26.8548
-9.6291,26.9086
-9.5981,26.9355
-9.5672,26.9624
-9.5363,26.9892
-9.5054,27.0161
-9.4745,27.0699
-9.4436,27.0699
-9.4127,27.1237
-9.3818,27.1505
-9.3509,27.1774
-9.3199,27.2043
-9.2890,27.2312
-9.2581,27.2581
-9.2272,27.3118
-9.1963,27.3118
-9.1654,27.3656
-9.1345,27.3925
-9.1036,27.4194
-9.0726,27.4462
-9.0417,27.4731
-9.0108,27.5269
-8.9799,27.5269
-8.9490,27.5806
-8.9181,27.6075
-8.8872,27.6344
-8.8563,27.6882
-8.8253,27.6882
-8.7944,27.7419
-8.7635,27.7688
-8.7326,27.7957
-8.7017,27.8226
-8.6708,27.8495
-8.6399,27.9032
-8.6090,27.9301
-8.5781,27.9570
-8.5471,27.9839
-8.5162,28.0108
-8.4853,28.0376
-8.4544,28.0645
-8.4235,28.1183
-8.3926,28.1452
-8.3617,28.1720
-8.3308,28.1989
-8.2998,28.2258
-8.2689,28.2527
-8.2380,28.2796
-8.2071,28.3333
-8.1762,28.3602
-8.1453,28.3871
-8.1144,28.4140
-8.0835,28.4409
-8.0526,28.4677
-8.0216,28.4946
-7.9907,28.5484
-7.9598,28.5484
-7.9289,28.6022
-7.8980,28.6559
-7.8671,28.6559
-7.8362,28.7097
-7.8053,28.7366
-7.7743,28.7634
-7.7434,28.8172
-7.7125,28.8172
-7.6816,28.8710
-7.6507,28.9247
-7.6198,28.9247
-7.5889,28.9785
-7.5580,29.0054
-7.5270,29.0323
-7.4961,29.0860
-7.4652,29.0860
-7.4343,29.1398
-7.4034,29.1667
-7.3725,29.1935
-7.3416,29.2204
-7.3107,29.2473
-7.2798,29.3011
-7.2488,29.3280
-7.2179,29.3548
-7.1870,29.3817
-7.1561,29.4086
-7.1252,29.4624
-7.0943,29.4624
-7.0634,29.5161
-7.0325,29.5430
-7.0015,29.5699
-6.9706,29.5968
-6.9397,29.6237
-6.9088,29.6505
-6.8779,29.7043
-6.8470,29.7043
-6.8161,29.7312
-6.7852,29.7312
-6.7543,29.7581
-6.7233,29.7581
-6.3215,30.2957
-6.2906,30.2957
-6.2597,30.3226
-6.2287,30.3495
-6.1978,30.3495
-6.1669,30.3763
-6.1360,30.4032
-6.1051,30.4301
-6.0742,30.4570
-6.0433,30.4839
-6.0124,30.5108
-5.9815,30.5376
-5.9505,30.5914
-5.9196,30.6183
-5.8887,30.6452
-5.8578,30.6720
-5.8269,30.6989
-5.7960,30.7527
-5.7651,30.7527
-5.7342,30.8065
-5.7032,30.8333
-5.6723,30.8602
-5.6414,30.8871
-5.6105,30.9140
-5.5796,30.9677
-5.5487,30.9946
-5.5178,31.0215
-5.4869,31.0484
-5.4560,31.0753
-5.4250,31.1022
-5.3941,31.1290
-5.3632,31.1559
-5.3323,31.2097
-5.3014,31.2097
-5.2705,31.2634
-5.2396,31.2903
-5.2087,31.3172
-5.1777,31.3441
-5.1468,31.3710
-5.1159,31.4247
-4.8686,31.6398
-4.8377,31.6667
-4.8068,31.7204
-4.7759,31.7473
-4.7450,31.7742
-4.7141,31.8280
-4.6832,31.8280
-4.6522,31.8817
-4.6213,31.9355
-4.5904,31.9355
-4.5595,31.9892
-4.5286,32.0161
-4.4977,32.0430
-4.4668,32.0968
-4.4359,32.1237
-4.4049,32.1505
-4.3740,32.1774
-4.3431,32.2043
-4.3122,32.2312
-4.2813,32.2581
-4.2504,32.3118
-4.2195,32.3387
-4.1886,32.3656
-4.1577,32.3925
-4.1267,32.4194
-4.0958,32.4462
-4.0649,32.5000
-4.0340,32.5000
-4.0031,32.5538
-3.9722,32.5806
-3.9413,32.6075
-3.9104,32.6344
-3.8794,32.6613
-3.8485,32.6882
-3.8176,32.7151
-3.7867,32.7419
-3.7558,32.7688
-3.7249,32.7957
-3.6940,32.8226
-3.6631,32.8495
-3.6321,32.8763
-3.6012,32.9032
-3.5703,32.9301
-3.5394,32.9570
-3.5085,32.9839
-3.4776,33.0108
-3.4467,33.0376
-3.4158,33.0645
-3.3849,33.0914
-3.3539,33.1183
-3.3230,33.1452
-3.2921,33.1989
-3.2612,33.1989
-3.2303,33.2527
-3.1994,33.2527
-3.1685,33.3065
-3.1376,33.3065
-3.1066,33.3602
-3.0757,33.3602
-3.0448,33.4140
-3.0139,33.4409
-2.9830,33.4677
-2.9521,33.4946
-2.9212,33.5215
-2.8903,33.5484
-2.8594,33.5753
-2.8284,33.6290
-2.7975,33.6290
-2.7666,33.6828
-2.7357,33.7097
-2.7048,33.7366
-2.6739,33.7634
-2.6430,33.8172
-2.6121,33.8441
-2.5811,33.8710
-2.5502,33.9247
-2.5193,33.9247
-2.4884,33.9785
-2.4575,34.0054
-2.4266,34.0323
-2.3957,34.0860
-2.3648,34.1129
-2.3338,34.1398
-2.3029,34.1667
-2.2720,34.2204
-2.2411,34.2473
-2.2102,34.2742
-2.1793,34.3011
-2.1484,34.3280
-2.1175,34.3548
-2.0866,34.3817
-2.0556,34.4086
-2.0247,34.4624
-1.9938,34.4892
-1.9629,34.5161
-1.9320,34.5430
-1.9011,34.5699
-1.8702,34.5968
-1.8393,34.6237
-1.8083,34.6505
-1.7774,34.6774
-1.7465,34.7043
-1.7156,34.7043
-1.6847,34.7312
-1.6538,34.7581
-1.6229,34.7581
-1.1901,35.2957
-1.1592,35.2957
-1.1283,35.3226
-1.0974,35.3226
-1.0665,35.3495
-1.0355,35.3495
-1.0046,35.3763
-0.9737,35.4032
-0.9428,35.4301
-0.9119,35.4570
-0.8810,35.4839
-0.8501,35.5108
-0.8192,35.5376
-0.7883,35.5645
-0.7573,35.5914
-0.7264,35.6183
-0.6955,35.6452
-0.6646,35.6720
-0.6337,35.6989
-0.6028,35.7258
-0.5719,35.7527
-0.5410,35.7796
-0.5100,35.8065
-0.4791,35.8333
-0.4482,35.8602
-0.4173,35.8871
-0.3864,35.9140
-0.3555,35.9409
-0.3246,35.9946
-0.2937,36.1022
-0.2628,36.0215
-0.2318,36.0484
-0.2009,36.0484
-0.1700,36.1022
-0.1391,36.1022
0.1082,36.2634
0.1391,36.2366
0.1700,36.2634
0.2009,36.2634
0.2318,36.2903
0.2628,36.2903
0.2937,36.4785
0.3246,36.4785
0.3555,36.5323
0.3864,36.5323
0.4173,36.5860
0.4482,36.5860
0.4791,36.6398
0.5100,36.6398
0.5410,36.6667
0.5719,36.6935
0.6028,36.7204
0.6337,36.7473
0.6646,36.7742
0.6955,36.8011
0.7264,36.8011
0.7573,36.8280
0.7883,36.8548
0.8192,36.8548
0.8501,36.9086
0.8810,36.9086
0.9119,36.9086
0.9428,36.9624
0.9737,36.9624
1.0046,36.9892
1.0355,37.0161
1.0665,37.0161
1.0974,37.0699
1.1283,37.0699
1.1592,37.0699
1.1901,37.1237
1.2210,37.1237
1.2519,37.1237
1.2828,37.1774
1.3138,37.1774
1.3447,37.1774
1.3756,37.2312
1.4065,37.2312
1.4374,37.2312
1.4683,37.2849
1.4992,37.2849
1.5301,37.2849
1.5611,37.3387
1.5920,37.3387
1.6229,37.3387
1.6538,37.3925
1.6847,37.3925
1.7156,37.3925
1.7465,37.4462
1.7774,37.4462
1.8083,37.4462
1.8393,37.5000
1.8702,37.5000
1.9011,37.5000
1.9320,37.5538
1.9629,37.5538
1.9938,37.5538
2.0247,37.6075
2.0556,37.6075
2.0866,37.6075
2.1175,37.6613
2.1484,37.6613
2.1793,37.6613
2.2102,37.7151
2.2411,37.7151
2.2720,37.7151
2.3029,37.7419
2.3338,37.7688
2.3648,37.7688
2.3957,37.7957
2.4266,37.8226
2.4575,37.8226
2.4884,37.8495
2.5193,37.8763
2.5502,37.8763
2.5811,37.9032
2.6121,37.9301
2.6430,37.9301
2.6739,37.9570
2.7048,37.9839
2.7357,37.9839
2.7666,38.0108
2.7975,38.0376
2.8284,38.0376
2.8594,38.0645
2.8903,38.0914
2.9212,38.0914
2.9521,38.0914
2.9830,38.1452
3.0139,38.1452
3.0448,38.1452
3.0757,38.1452
3.1066,38.1720
3.1376,38.1720
3.1685,38.1989
3.1994,38.1989
3.2303,38.2258
3.2612,38.2258
3.2921,38.2258
3.3230,38.2527
3.3539,38.2527
3.3849,38.2796
3.4158,38.2796
3.4467,38.3065
3.4776,38.3065
3.5085,38.3065
3.5394,38.3065
3.5703,38.3333
3.6012,38.3333
3.6321,38.3602
3.6631,38.3602
3.6940,38.3602
3.7249,38.3602
3.7558,38.3871
3.7867,38.3871
3.8176,38.4140
3.8485,38.4140
3.8794,38.4140
3.9104,38.4140
3.9413,38.4409
3.9722,38.4409
4.0031,38.4677
4.0340,38.4677
4.0649,38.4677
4.0958,38.4677
4.1267,38.4946
4.1577,38.4946
4.1886,38.5215
4.2195,38.5215
4.2504,38.5215
4.2813,38.5215
4.3122,38.5484
4.3431,38.5484
4.3740,38.5753
4.4049,38.5753
4.4359,38.5753
4.4668,38.5753
4.4977,38.5753
4.5286,38.6022
4.5595,38.6022
4.5904,38.6290
4.6213,38.6290
4.6522,38.6290
4.6832,38.6290
4.7141,38.6290
4.7450,38.6290
4.7759,38.6559
4.8068,38.6559
4.8377,38.6828
4.8686,38.6828
5.1159,38.7366
5.1468,38.7366
5.1777,38.7366
5.2087,38.7366
5.2396,38.7366
5.2705,38.7634
5.3014,38.7634
5.3323,38.7903
5.3632,38.7903
5.3941,38.7903
5.4250,38.7903
5.4560,38.7903
5.4869,38.7903
5.5178,38.7903
5.5487,38.8172
5.5796,38.8172
5.6105,38.8172
5.6414,38.8172
5.6723,38.8441
5.7032,38.8441
5.7342,38.8441
5.7651,38.8441
5.7960,38.8441
5.8269,38.8441
5.8578,38.8441
5.8887,38.8441
5.9196,38.8710
5.9505,38.8710
5.9815,38.8710
6.0124,38.8710
6.0433,38.8978
6.0742,38.8978
6.1051,38.8978
6.1360,38.8978
6.1669,38.8978
6.1978,38.8978
6.2287,38.8978
6.2597,38.8978
6.2906,38.9247
6.3215,38.9247
6.3524,38.9247
6.3833,38.9247
6.4142,38.9516
6.4451,38.9516
6.4760,38.9516
6.5070,38.9516
6.5379,38.9516
6.5688,38.9516
6.5997,38.9516
6.6306,38.9516
6.6615,38.9785
6.6924,38.9785
6.7233,38.9785
6.7543,38.9785
6.7852,39.0054
6.8161,39.0054
6.8470,39.0054
6.8779,39.0054
6.9088,39.0054
6.9397,39.0054
6.9706,39.0054
7.0015,39.0054
7.0325,39.0054
7.0634,39.0323
7.0943,39.0323
7.1252,39.0323
7.1561,39.0323
7.1870,39.0323
7.2179,39.0591
7.2488,39.0591
7.2798,39.0591
7.3107,39.0591
7.3416,39.0591
7.3725,39.0591
7.4034,39.0591
7.4343,39.0591
7.4652,39.0591
7.4961,39.0591
7.5270,39.0591
7.5580,39.0860
7.5889,39.0860
7.6198,39.0860
7.6507,39.0860
7.6816,39.0860
7.7125,39.1129
7.7434,39.1129
7.7743,39.1129
7.8053,39.1129
7.8362,39.1129
7.8671,39.1129
7.8980,39.1129
7.9289,39.1129
7.9598,39.1129
7.9907,39.1129
8.0216,39.1129
8.0526,39.1129
8.0835,39.1129
8.1144,39.1398
8.1453,39.1398
8.1762,39.1398
8.2071,39.1398
8.2380,39.1398
8.2689,39.1398
8.2998,39.1398
8.3308,39.1667
8.3617,39.1667
8.3926,39.1667
8.4235,39.1667
8.4544,39.1667
8.4853,39.1667
8.5162,39.1667
8.5471,39.1667
8.5781,39.1667
8.6090,39.1667
8.6399,39.1667
8.6708,39.1667
8.7017,39.1667
8.7326,39.1667
8.7635,39.1667
8.7944,39.1667
8.8253,39.1667
8.8563,39.1935
8.8872,39.1935
8.9181,39.1935
8.9490,39.1935
8.9799,39.1935
9.0108,39.1935
9.0417,39.1935
9.0726,39.1935
9.1036,39.2204
9.1345,39.2204
9.1654,39.2204
9.1963,39.2204
9.2272,39.2204
9.2581,39.2204
9.2890,39.2204
9.3199,39.2204
9.3509,39.2204
9.3818,39.2204
9.4127,39.2204
9.4436,39.2204
9.4745,39.2204
9.5054,39.2204
9.5363,39.2204
9.5672,39.2204
9.5981,39.2473
9.6291,39.2473
9.6600,39.2473
9.6909,39.2473
9.7218,39.2473
9.7527,39.2473
9.7836,39.2473
9.8145,39.2473
9.8454,39.2742
10.0927,39.2742
10.1236,39.2742
10.1546,39.2742
10.1855,39.2742
10.2164,39.2742
10.2473,39.2742
10.2782,39.2742
10.3091,39.2742
10.3400,39.2742
10.3709,39.2742
10.4019,39.2742
10.4328,39.2742
10.4637,39.2742
10.4946,39.2742
10.5255,39.2742
10.5564,39.2742
10.5873,39.2742
10.6182,39.2742
10.6491,39.2742
10.6801,39.2742
10.7110,39.2742
10.7419,39.3011
10.7728,39.3011
10.8037,39.3011
10.8346,39.3011
10.8655,39.3011
10.8964,39.3011
10.9274,39.3011
10.9583,39.3011
10.9892,39.3011
11.0201,39.3011
11.0510,39.3011
11.0819,39.3011
11.1128,39.3011
11.1437,39.3011
11.1747,39.3011
11.2056,39.3011
11.2365,39.3280
11.2674,39.3280
11.2983,39.3280
11.3292,39.3280
11.3601,39.3280
11.3910,39.3280
11.4219,39.3280
11.4529,39.3280
11.4838,39.3280
11.5147,39.3280
11.5456,39.3280
11.5765,39.3280
11.6074,39.3280
11.6383,39.3280
11.6692,39.3280
11.7002,39.3280
11.7311,39.3280
11.7620,39.3280
11.7929,39.3280
11.8238,39.3280
11.8547,39.3280
11.8856,39.3280
11.9165,39.3280
11.9474,39.3280
11.9784,39.3280
12.0093,39.3280
12.0402,39.3280
12.0711,39.3280
12.1020,39.3280
12.1329,39.3280
12.1638,39.3280
12.1947,39.3280
12.2257,39.3548
12.2566,39.3548
12.2875,39.3548
12.3184,39.3548
12.3493,39.3548
12.3802,39.3548
12.4111,39.3548
12.4420,39.3548
12.4730,39.3548
12.5039,39.3548
12.5348,39.3548
12.5657,39.3548
12.5966,39.3548
12.6275,39.3548
12.6584,39.3548
12.6893,39.3548
12.7202,39.3817
12.7512,39.3817
12.7821,39.3817
12.8130,39.3817
12.8439,39.3817
12.8748,39.3817
12.9057,39.3817
12.9366,39.3817
12.9675,39.3817
12.9985,39.3817
13.0294,39.3817
13.0603,39.3817
13.0912,39.3817
13.1221,39.3817
13.1530,39.3817
13.1839,39.3817
13.2148,39.3817
13.2457,39.3817
13.2767,39.3817
13.3076,39.3817
13.3385,39.3817
13.3694,39.3817
13.4003,39.3817
13.4312,39.3817
13.4621,39.3817
13.4930,39.3817
13.5240,39.3817
13.5549,39.3817
13.5858,39.3817
13.6167,39.3817
13.6476,39.3817
13.6785,39.3817
13.7094,39.3817
13.7403,39.3817
13.7713,39.3817
13.8022,39.3817
13.8331,39.3817
13.8640,39.4086
13.8949,39.4086
13.9258,39.4086
13.9567,39.4086
13.9876,39.4086
14.0185,39.4086
14.0495,39.4086
14.0804,39.4086
14.1113,39.4086
14.1422,39.4086
14.1731,39.4086
14.2040,39.4086
14.2349,39.4086
14.2658,39.4086
14.2968,39.4086
14.3277,39.4086
14.3586,39.4086
14.3895,39.4086
14.4204,39.4086
14.4513,39.4086
14.4822,39.4086
14.5131,39.4086
14.5440,39.4086
14.5750,39.4086
14.6059,39.4086
14.6368,39.4086
14.6677,39.4086
14.6986,39.4086
14.7295,39.4086
14.7604,39.4086
14.7913,39.4086
14.8223,39.4086
14.8532,39.4086
15.1005,39.4086
15.1314,39.4086
15.1623,39.4086
15.1932,39.4086
15.2241,39.4355
15.2550,39.4355
15.2859,39.4355
15.3168,39.4355
15.3478,39.4355
15.3787,39.4355
15.4096,39.4355
15.4405,39.4355
15.4714,39.4355
15.5023,39.4355
15.5332,39.4355
15.5641,39.4355
15.5951,39.4355
15.6260,39.4355
15.6569,39.4355
15.6878,39.4355
15.7187,39.4355
15.7496,39.4355
15.7805,39.4355
15.8114,39.4355
15.8423,39.4355
15.8733,39.4355
15.9042,39.4355
15.9351,39.4355
15.9660,39.4355
15.9969,39.4355
