layout,duty,tj_peak,sink_max,sink_min,cell_ss
A5-R4,0.1,83.49528550453122,58.87990385268953,57.348383924594444,53.969734720139925
A5-R4,0.15,88.00463793155576,63.3375125966529,61.9297554916776,54.92834621099732
A5-R4,0.2,92.54723064441423,67.83346353642457,66.54311617484757,55.88372922133569
A5-R4,0.25,96.60244473117923,71.84575371442125,70.66747291259055,56.814439235466935
A5-R4,0.3,100.48393432303297,75.6871923236734,74.6171536362676,57.734926195016534
A5-R4,0.35,104.24170987729279,79.40731280406074,78.44105119661992,58.64673370583964
A5-R4,0.4,107.8459572644231,82.97634785462093,82.11010343009782,59.55003582689474
A5-R4,0.45,111.31833042596557,86.41545746968842,85.64537639830915,60.4455956503594
A5-R4,0.5,114.42494584571324,89.4899562719039,88.81228642329482,61.32570502839517
A5-R4,0.55,117.41858438256612,92.45293996870839,91.86446095974549,62.198830476583574
A5-R4,0.6,120.35775081711807,95.3628373809473,94.85907215269856,63.06704693028961
A5-R4,0.65,123.01455546977088,97.99182411960821,97.56777240260219,63.92445966042411
A5-R4,0.7,125.50864977259316,100.45758928081577,100.10904202482743,64.77282984469458
A5-R4,0.75,127.2750301207575,102.19732045912038,101.91945477386206,65.59488862889674
A5-R4,0.8,129.00359449743124,103.89817962441076,103.68542142611055,66.41112337865371
A5-R4,0.85,132.12769021149387,106.99767534472797,106.84527115223888,67.27183376941915
A5-R4,0.9,135.45943364276633,110.30607056960511,110.21196371652226,68.13750615019501
A5-R4,0.95,138.7847012026311,113.60516118434946,113.55892087464872,68.9999922677834
A5-R4,1.0,142.08878773355124,116.88560256325353,116.88560256325353,69.85939976787873
A5-DC,0.1,78.07128427373482,53.454724562828815,51.923480692825365,51.93250785586643
A5-DC,0.15,81.98384022086098,57.3169190871636,55.909100785499916,52.65154704673219
A5-DC,0.2,85.70337800417184,60.988913292147856,59.69826330877098,53.36340963749317
A5-DC,0.25,89.11758058628753,64.36061154393393,63.182221317583014,54.06800826529477
A5-DC,0.3,92.58435271770698,67.78702422008617,66.71658105751277,54.76877054065273
A5-DC,0.35,95.6519009819406,70.81668483660752,69.85008366358504,55.462745990467646
A5-DC,0.4,98.59024941002242,73.71961757700738,72.85308523457431,56.15240245662434
A5-DC,0.45,101.45621588316861,76.55223383574102,75.7819952138067,56.838296268810396
A5-DC,0.5,104.24297065172593,79.30716480802853,78.62955282281484,57.520563471380804
A5-DC,0.55,106.94321261446039,81.97690179177633,81.38848363475275,58.199427188520296
A5-DC,0.6,109.57216856691403,84.57674708324583,84.07306770290448,58.875103741810904
A5-DC,0.65,112.0329199079732,87.00998529729921,86.58600548134336,59.54742988965917
A5-DC,0.7,114.2815855141113,89.23069519787525,88.88248039558236,60.2158007327639
A5-DC,0.75,116.4325264778552,91.35606666175772,91.07882852926528,60.88148824942715
A5-DC,0.8,118.6013742771767,93.49824182599775,93.28586340472026,61.544906864646464
A5-DC,0.85,120.69421674650097,95.56547997900269,95.41296641817439,62.20591343341078
A5-DC,0.9,122.60601225433821,97.45274406187318,97.35856441561353,62.86379315995066
A5-DC,0.95,124.40084053586995,99.22008179810975,99.17388432457821,63.519024723692
A5-DC,1.0,125.94801244544435,100.74206970890013,100.74206970890013,64.17108810150037
A4-R4,0.1,91.79832744016258,54.44372633132657,53.50738865154591,54.59348314949206
A4-R4,0.15,94.58124324775292,57.193686211540154,56.34260140458356,55.62695549200245
A4-R4,0.2,97.29787983053836,59.88125909667404,59.114059068671104,56.63825237839371
A4-R4,0.25,99.7536192844135,62.310326931221496,61.61967751101289,57.60854106332286
A4-R4,0.3,102.30971591600118,64.84353986810108,64.22538300348816,58.59314766709881
A4-R4,0.35,104.83151593259723,67.34407139892858,66.79462472814505,59.572909825664745
A4-R4,0.4,107.12103649344931,69.61260011997766,69.12799008093037,60.52541411243992
A4-R4,0.45,109.3513840275802,71.82189571173934,71.39838916335316,61.47148397540294
A4-R4,0.5,111.53640722114217,73.98455942306035,73.61830981663068,62.4114820686309
A4-R4,0.55,113.69049226888599,76.1144770151025,75.80141110616067,63.34755275070045
A4-R4,0.6,115.80880786047737,78.20207361625774,77.93695664856334,64.27788425456744
A4-R4,0.65,117.86511879605334,80.22967547901318,80.01026078611693,65.20264085271877
A4-R4,0.7,119.91680604680639,82.23962275738994,82.06034446269577,66.12197591748527
A4-R4,0.75,121.90593646995788,84.19164867671361,84.05143802117925,67.03603312131669
A4-R4,0.8,123.89738875630044,86.12505210089407,86.01733192718292,67.94494745809385
A4-R4,0.85,125.69377535647385,87.86144082646912,87.78380517353405,68.83489970400005
A4-R4,0.9,127.44698769314597,89.56271028911775,89.51562409875272,69.71825414966388
A4-R4,0.95,129.20261399064836,91.22938435177774,91.20473723291232,70.59651444893495
A4-R4,1.0,130.93938005179837,92.8889854610464,92.8889854610464,71.47289548668455
A4-DC,0.1,87.5712204560937,50.22528209747652,49.28803900282418,51.28032024247097
A4-DC,0.15,89.80758048614312,52.4250293756808,51.57337036487141,51.678108735106726
A4-DC,0.2,92.08663924425221,54.67263231001371,53.90438303018297,52.07404885462398
A4-DC,0.25,94.5309302203217,57.08974829905153,56.39833735671472,52.46924005773562
A4-DC,0.3,96.90004583617917,59.433998950675274,58.81472654896584,52.862086223155465
A4-DC,0.35,98.93917601625738,61.448938874726856,60.89866332500311,53.250651126758584
A4-DC,0.4,101.0031534692306,63.490656166254354,63.00556135227798,53.63789066937759
A4-DC,0.45,103.17054123874347,65.63659653021755,65.21273252312763,54.02448590999056
A4-DC,0.5,105.20941408285513,67.65226154995534,67.28554818973666,54.40884973641099
A4-DC,0.55,107.07866741388418,69.49588012570509,69.18244526784522,54.79071445235544
A4-DC,0.6,108.91385461901751,71.29893573295548,71.03353293017172,55.17109772499106
A4-DC,0.65,110.68869000461044,73.04377402180081,72.82412706300012,55.55007965153257
A4-DC,0.7,112.47420395042622,74.7863239766976,74.60688819055359,55.9278139756145
A4-DC,0.75,114.20766773238829,76.48163067228282,76.34130326257265,56.30434229447768
A4-DC,0.8,115.94638688439073,78.16123725738423,78.05344188090855,56.67966616430536
A4-DC,0.85,117.64076905375111,79.79564204635395,79.71797778596452,57.05383737034962
A4-DC,0.9,119.30963740397598,81.41273143990375,81.36562988075356,57.42690315710271
A4-DC,0.95,120.98704878811508,83.00137707687965,82.97671494193648,57.798906799562545
A4-DC,1.0,122.61916296558765,84.55640797419404,84.55640797419404,58.16988808322071
