layout,metric,param,cls,base_value,low,high,out_base,out_low,out_high,swing
A5-DC,tj,k_orient,E,1.35,1.1,2.0,125.94801244544435,119.53689440029036,145.22719918214375,25.690304781853385
A5-DC,tj,a5_idd,DD,1.97,1.79,1.97,125.94801244544435,117.47936656313317,125.94801244544435,8.46864588231118
A5-DC,tj,a5_bond,E,5e-05,2.5e-05,7.5e-05,125.94801244544435,123.48586299010051,128.4067354758255,4.920872485724999
A5-DC,tj,r_feed,E,0.26,0.26,0.45,125.94801244544435,125.94801244544435,121.43471197097288,4.513300474471464
A5-DC,tj,a5_rjc2,D,2.4,2.16,2.64,125.94801244544435,123.92266060544463,127.97336428544355,4.050703679998918
A5-DC,tj,k_cat,DD,1.0,0.93,1.07,125.94801244544435,127.64305347119601,123.95066169277216,3.692391778423854
A5-DC,tj,eta_wall,E,0.6,0.45,0.75,125.94801244544435,127.53520421261155,124.07600647895173,3.4591977336598205
A5-DC,tj,r_spread_x,E,0.0,0.0,0.3,125.94801244544435,125.94801244544435,128.88038386593465,2.9323714204902984
A5-DC,tj,eta_guard_dc,E,0.85,0.75,0.92,125.94801244544435,126.98806749327674,125.15238698840454,1.835680504872201
A5-DC,tj,a5_p1,DD,1.5,1.2,1.8,125.94801244544435,126.66801244544412,125.22801244544482,1.4399999999993014
A5-DC,tj,k_tim,E,0.7,0.6,0.8,125.94801244544435,126.76796716153815,125.33279657898333,1.435170582554818
A5-DC,tj,phi_dc,E,0.35,0.25,0.5,125.94801244544435,125.75418773278207,126.26469864826068,0.5105109154786049
A5-DC,tj,shield_rad,E,0.25,0.15,0.4,125.94801244544435,125.76842623017177,126.23695430032133,0.46852807014956
A5-DC,tj,r_frac,E,0.35,0.25,0.45,125.94801244544435,126.1280379173808,125.83595390646245,0.29208401091834446
A5-DC,tj,h_out_c,E,4.0,3.0,6.0,125.94801244544435,126.02420953686597,125.81474974706228,0.20945978980368807
A5-DC,tj,sink_mass,DD,57.0,52.0,62.0,125.94801244544435,125.94801244544435,125.94801244544435,0.0
A4-DC,tj,a4_isat,DD,1.387,1.261,1.558,122.61916296558765,110.8193750792411,137.58292901242118,26.763553933180077
A4-DC,tj,k_orient,E,1.35,1.1,2.0,122.61916296558765,116.93315461427274,134.62742162651122,17.694267012238484
A4-DC,tj,a4_r_pad,E,0.8,0.5,1.5,122.61916296558765,121.00958742128114,126.36460847468518,5.3550210534040446
A4-DC,tj,a4_rjc,D,4.4,3.96,4.84,122.61916296558765,120.17689013918766,125.06143579198765,4.884545652799986
A4-DC,tj,r_feed,E,0.26,0.26,0.45,122.61916296558765,122.61916296558765,118.24227147953057,4.376891486057076
A4-DC,tj,k_cat,DD,1.0,0.93,1.07,122.61916296558765,124.7634008404853,120.65719927498105,4.10620156550425
A4-DC,tj,eta_wall,E,0.6,0.45,0.75,122.61916296558765,124.62721526909935,120.77482575994767,3.8523895091516778
A4-DC,tj,a4_r_via,DD,1.1,0.9,1.6,122.61916296558765,121.54640561282358,125.29593960639328,3.749533993569699
A4-DC,tj,a4_r_bs,E,0.6,0.4,1.0,122.61916296558765,121.54640561282358,124.76116811298509,3.2147625001615125
A4-DC,tj,a4_gva_on_sink,E,0.5,0.0,0.5,122.61916296558765,120.01199462426118,122.61916296558765,2.607168341326471
A4-DC,tj,eta_guard_dc,E,0.85,0.75,0.92,122.61916296558765,123.96000773346417,121.73505198180331,2.2249557516608576
A4-DC,tj,shield_rad,E,0.25,0.15,0.4,122.61916296558765,122.37963833049322,123.00023255306299,0.620594222569764
A4-DC,tj,r_frac,E,0.35,0.25,0.45,122.61916296558765,122.88373245927441,122.44156424945913,0.4421682098152786
A4-DC,tj,h_out_c,E,4.0,3.0,6.0,122.61916296558765,122.7220238512796,122.44115088372179,0.2808729675578121
A5-DC,cell50,g_cell_wall,E,0.02,0.01,0.03,57.520563471380804,59.3569545783898,56.32966601587756,3.02728856251224
A5-DC,cell50,r_cellpath,E,0.06,0.05,0.1,57.520563471380804,57.01458735980698,59.54438854434356,2.5298011845365806
A5-DC,cell50,r_feed,E,0.26,0.26,0.45,57.520563471380804,57.520563471380804,59.81343282182154,2.292869350440739
A5-DC,cell50,p_lm2940,DD,0.9,0.6,1.0,57.520563471380804,56.09955036624957,57.98891656974048,1.8893662034909156
A5-DC,cell50,relay_hold,E,0.4,0.3,1.0,57.520563471380804,57.33232405466103,58.63064752399292,1.2983234693318906
A5-DC,cell50,main_vent_area,E,0.0002,0.0,0.0003,57.520563471380804,58.40289320992014,57.15480009724896,1.248093112671178
A5-DC,cell50,h_out_c,E,4.0,3.0,6.0,57.520563471380804,57.95650894370228,56.830930058116266,1.125578885586016
A5-DC,cell50,i_bus,E,0.3,0.25,0.4,57.520563471380804,57.22066417244381,58.15522694128493,0.9345627688411184
A5-DC,cell50,p_pico,E,0.2,0.15,0.3,57.520563471380804,57.28541596348732,57.98891656974048,0.703500606253165
A5-DC,cell50,h_in_c,E,2.5,1.5,4.0,57.520563471380804,57.80591233165685,57.181106877704096,0.624805453952753
A5-DC,cell50,vent_area_dc,E,0.0005,0.00025,0.0006,57.520563471380804,57.96574246929072,57.404799460499085,0.5609430087916323
A5-DC,cell50,g_cell_main,E,0.03,0.02,0.045,57.520563471380804,57.68258820070137,57.37310753906692,0.30948066163444565
A5-DC,cell50,g_leads,E,0.015,0.008,0.03,57.520563471380804,57.437346421366136,57.65603033273671,0.21868391137057586
A5-DC,cell50,k_petg,E,0.2,0.18,0.25,57.520563471380804,57.557526414661446,57.4538053848785,0.10372102978294606
A5-DC,cell50,k_orient,E,1.35,1.1,2.0,57.520563471380804,57.488983499603314,57.587313729309344,0.09833022970602912
A5-DC,petg,k_orient,E,1.35,1.1,2.0,65.98121020741696,64.84068443684588,68.98224997067643,4.141565533830558
A5-DC,petg,r_frac,E,0.35,0.25,0.45,65.98121020741696,64.82629368895506,68.62912082349415,3.8028271345390863
A5-DC,petg,vent_area_dc,E,0.0005,0.00025,0.0006,65.98121020741696,69.58210114297802,65.96223938591854,3.619861757059482
A5-DC,petg,phi_dc,E,0.35,0.25,0.5,65.98121020741696,64.94791643765285,68.0589600994329,3.1110436617800445
A5-DC,petg,h_out_c,E,4.0,3.0,6.0,65.98121020741696,66.88575547967356,64.44473650067219,2.4410189790013703
A5-DC,petg,eta_wall,E,0.6,0.45,0.75,65.98121020741696,66.97085949238172,65.0217345255538,1.9491249668279238
A5-DC,petg,a5_idd,DD,1.97,1.79,1.97,65.98121020741696,64.18005921977668,65.98121020741696,1.801150987640284
A5-DC,petg,relay_hold,E,0.4,0.3,1.0,65.98121020741696,65.97615834331184,67.12242924389304,1.1462709005812002
A5-DC,petg,eta_guard_dc,E,0.85,0.75,0.92,65.98121020741696,66.62832658557207,65.53761550906982,1.0907110765022452
A5-DC,petg,k_cat,DD,1.0,0.93,1.07,65.98121020741696,66.26812177601892,65.6357524201275,0.632369355891413
A5-DC,petg,k_petg,E,0.2,0.18,0.25,65.98121020741696,66.13861436540488,65.69788878765105,0.4407255777538239
A5-DC,petg,shield_rad,E,0.25,0.15,0.4,65.98121020741696,65.87130230159573,66.1587172299135,0.28741492831777293
A5-DC,petg,h_in_c,E,2.5,1.5,4.0,65.98121020741696,65.99252698920017,65.96636921281491,0.0261577763852614
A5-DC,petg,g_leads,E,0.015,0.008,0.03,65.98121020741696,65.98474069468293,65.97528802564561,0.009452669037315786
A5-DC,petg,main_vent_area,E,0.0002,0.0,0.0003,65.98121020741696,65.98500168563088,65.97967141987016,0.005330265760719044
