case,vtx5_off_max_v,vgg_off_max_v,vgg_ramp_max_v,vtx5_on_min_margin_v,clamp_gate_on_max_v,vtx5_end_v,vgg_end_v,all_pass
1,0.0363216,0.00896703,1.04759,-0.00764084,0.0435281,3.17479e-08,0.0078057,True
2,0.0358178,0.0085084,1.06777,-0.00764132,0.043537,2.19666e-08,0.0078057,True
3,0.00791329,0.00780571,0,-0.00764132,0.043536,6.4943e-07,0.0078057,True
4,0.00432613,0.0078057,5.22006e-07,-0.00764132,0.043536,2.02663e-11,-6.50691e-11,True
5,0.0349848,0.00780571,0,-0.00764132,0.043536,3.36601e-08,0.00780571,True
6,0.0352227,0.00780571,0,-0.00764132,0.043536,2.83934e-08,0.00780571,True
7,2.42e-08,0.0078057,0,null,null,2.42e-08,0.0078057,True
8,2.42e-08,0.0078057,0,null,null,2.42e-08,0.0078057,True
9,2.42003e-08,0.0078057,0,null,null,2.42e-08,0.0078057,True
10,4.96653,0.00780758,0,-0.00708389,0.0437895,4.96653,0.00780714,True
11,4.9659,0.00780714,0,null,null,4.9659,0.00780714,True
12,2.42e-08,3.26923,0,null,null,2.42e-08,3.26923,True
13,2.41999e-08,3.26921,0,null,null,2.41999e-08,3.26921,True
