case,t_on_ms,clamp_release_ms,vgs_on_v,drop_mv,inrush_a,bus_dip_mv,vgs_off_v,vtx5_keyup_mv,t_off_ms,clamp_gate_keyup_v,vgg_keyup_mv,pre_permit_off,keyup_dbm_L1,off_lead_dbm_L1,off_one_dbm_L1,off_keyup_dbm_L1,off_end_dbm_L1,keyup_dbm_L2,off_lead_dbm_L2,off_one_dbm_L2,off_keyup_dbm_L2,off_end_dbm_L2,keyup_dbm_L3,off_lead_dbm_L3,off_one_dbm_L3,off_keyup_dbm_L3,off_end_dbm_L3,keyup_dbm_L4,off_lead_dbm_L4,off_one_dbm_L4,off_keyup_dbm_L4,off_end_dbm_L4,vgg_top_v,all_pass
1,0.000585282,0.000104501,-4.25815,6.90079,2.03448,30.6983,-1.43051e-06,0.384648,0.77956,4.74989,8.4403e-06,2.31e-08,-58.3368,-58.3368,-58.3368,-58.3368,-58.3368,-38.7675,-38.7675,-38.7675,-38.7675,-38.7675,-88.3368,-88.3368,-88.3368,-88.3368,-88.3368,-33.9936,-33.9936,-33.9936,-33.9936,-33.9936,2.74728,True
2,0.000585282,0.000104501,-4.25815,6.90079,2.03448,30.6983,-9.53674e-07,0.355715,0.780103,4.74987,7.90329,2.31e-08,-58.3368,-58.3368,-58.3368,-58.3368,-58.3368,-38.7675,-38.7675,-38.7675,-38.7675,-38.7675,-88.3368,-88.3368,-88.3368,-88.3368,-88.3368,-33.9936,-33.9936,-33.9936,-33.9936,-33.9936,3.1027,True
3,0.000578367,9.6809e-05,-4.2587,6.90031,2.03908,30.7865,-1.43051e-06,0.384378,0.778721,4.74994,6.95673e-06,2.31e-08,-58.3368,-58.3368,-58.3368,-58.3368,-58.3368,-38.7675,-38.7675,-38.7675,-38.7675,-38.7675,-88.3368,-88.3368,-88.3368,-88.3368,-88.3368,-33.9936,-33.9936,-33.9936,-33.9936,-33.9936,2.74728,True
4,0.000578367,9.6809e-05,-4.2587,6.90031,2.03908,30.7865,-1.43051e-06,0.385126,0.778403,4.74997,7.90328,2.31e-08,-58.3368,-58.3368,-58.3368,-58.3368,-58.3368,-38.7675,-38.7675,-38.7675,-38.7675,-38.7675,-88.3368,-88.3368,-88.3368,-88.3368,-88.3368,-33.9936,-33.9936,-33.9936,-33.9936,-33.9936,3.1027,True
5,0.000662364,0.000104501,-4.25816,7.28226,1.83057,30.7541,-9.53674e-07,0.351009,0.775157,4.74987,8.77401e-06,2.31e-08,-58.3368,-58.3368,-58.3368,-58.3368,-58.3368,-38.7675,-38.7675,-38.7675,-38.7675,-38.7675,-88.3368,-88.3368,-88.3368,-88.3368,-88.3368,-33.9936,-33.9936,-33.9936,-33.9936,-33.9936,2.74728,True
6,0.000662364,0.000104501,-4.25816,7.28226,1.83057,30.7541,-9.53674e-07,0.351575,0.775624,4.74987,7.90328,2.31e-08,-58.3368,-58.3368,-58.3368,-58.3368,-58.3368,-38.7675,-38.7675,-38.7675,-38.7675,-38.7675,-88.3368,-88.3368,-88.3368,-88.3368,-88.3368,-33.9936,-33.9936,-33.9936,-33.9936,-33.9936,3.1027,True
7,0.00065578,9.6809e-05,-4.2587,7.28226,1.84354,30.6592,-9.53674e-07,0.350994,0.778227,4.74995,6.51357e-06,2.31e-08,-58.3368,-58.3368,-58.3368,-58.3368,-58.3368,-38.7675,-38.7675,-38.7675,-38.7675,-38.7675,-88.3368,-88.3368,-88.3368,-88.3368,-88.3368,-33.9936,-33.9936,-33.9936,-33.9936,-33.9936,2.74728,True
8,0.00065578,9.6809e-05,-4.2587,7.28226,1.84354,30.6592,-9.53674e-07,0.351925,0.775926,4.74982,7.90328,2.31e-08,-58.3368,-58.3368,-58.3368,-58.3368,-58.3368,-38.7675,-38.7675,-38.7675,-38.7675,-38.7675,-88.3368,-88.3368,-88.3368,-88.3368,-88.3368,-33.9936,-33.9936,-33.9936,-33.9936,-33.9936,3.1027,True
9,0.00120422,0.000104501,-4.25819,9.82523,1.04291,30.467,-9.53674e-07,0.3454,0.770806,4.74999,5.48581e-06,2.31e-08,-58.3368,-58.3368,-58.3368,-58.3368,-58.3368,-38.7675,-38.7675,-38.7675,-38.7675,-38.7675,-88.3368,-88.3368,-88.3368,-88.3368,-88.3368,-33.9936,-33.9936,-33.9936,-33.9936,-33.9936,2.74729,True
10,0.00120422,0.000104501,-4.25819,9.82523,1.04291,30.467,-9.53674e-07,0.352971,0.770055,4.74989,7.90328,2.31e-08,-58.3368,-58.3368,-58.3368,-58.3368,-58.3368,-38.7675,-38.7675,-38.7675,-38.7675,-38.7675,-88.3368,-88.3368,-88.3368,-88.3368,-88.3368,-33.9936,-33.9936,-33.9936,-33.9936,-33.9936,3.1027,True
11,0.00119087,9.6809e-05,-4.25873,9.82237,1.04471,30.6058,-9.53674e-07,0.351293,0.769575,4.74983,1.01691e-05,2.31e-08,-58.3368,-58.3368,-58.3368,-58.3368,-58.3368,-38.7675,-38.7675,-38.7675,-38.7675,-38.7675,-88.3368,-88.3368,-88.3368,-88.3368,-88.3368,-33.9936,-33.9936,-33.9936,-33.9936,-33.9936,2.74729,True
12,0.00119087,9.6809e-05,-4.25873,9.82237,1.04471,30.6058,-9.53674e-07,0.351339,0.770676,4.74997,7.90328,2.31e-08,-58.3368,-58.3368,-58.3368,-58.3368,-58.3368,-38.7675,-38.7675,-38.7675,-38.7675,-38.7675,-88.3368,-88.3368,-88.3368,-88.3368,-88.3368,-33.9936,-33.9936,-33.9936,-33.9936,-33.9936,3.1027,True
13,0.000570227,8.48295e-05,-4.26101,6.89697,2.04249,30.7727,-1.43051e-06,0.384728,0.779355,4.74991,7.84885e-06,2.31e-08,-58.3368,-58.3368,-58.3368,-58.3368,-58.3368,-38.7675,-38.7675,-38.7675,-38.7675,-38.7675,-88.3368,-88.3368,-88.3368,-88.3368,-88.3368,-33.9936,-33.9936,-33.9936,-33.9936,-33.9936,2.74728,True
14,0.000570227,8.48295e-05,-4.26101,6.89697,2.04249,30.7727,-9.53674e-07,0.374729,0.777558,4.75,7.90328,2.31e-08,-58.3368,-58.3368,-58.3368,-58.3368,-58.3368,-38.7675,-38.7675,-38.7675,-38.7675,-38.7675,-88.3368,-88.3368,-88.3368,-88.3368,-88.3368,-33.9936,-33.9936,-33.9936,-33.9936,-33.9936,3.1027,True
15,0.000567154,7.97648e-05,-4.26144,6.8965,2.04776,30.7493,-9.53674e-07,0.385082,0.77825,4.74981,1.25168e-05,2.31e-08,-58.3368,-58.3368,-58.3368,-58.3368,-58.3368,-38.7675,-38.7675,-38.7675,-38.7675,-38.7675,-88.3368,-88.3368,-88.3368,-88.3368,-88.3368,-33.9936,-33.9936,-33.9936,-33.9936,-33.9936,2.74728,True
16,0.000567154,7.97648e-05,-4.26144,6.8965,2.04776,30.7493,-9.53674e-07,0.376115,0.779632,4.74998,7.90328,2.31e-08,-58.3368,-58.3368,-58.3368,-58.3368,-58.3368,-38.7675,-38.7675,-38.7675,-38.7675,-38.7675,-88.3368,-88.3368,-88.3368,-88.3368,-88.3368,-33.9936,-33.9936,-33.9936,-33.9936,-33.9936,3.1027,True
17,0.000658188,8.48295e-05,-4.26102,7.27797,1.83682,30.7288,-9.53674e-07,0.351636,0.775679,4.74999,5.61581e-06,2.31e-08,-58.3368,-58.3368,-58.3368,-58.3368,-58.3368,-38.7675,-38.7675,-38.7675,-38.7675,-38.7675,-88.3368,-88.3368,-88.3368,-88.3368,-88.3368,-33.9936,-33.9936,-33.9936,-33.9936,-33.9936,2.74728,True
18,0.000658188,8.48295e-05,-4.26102,7.27797,1.83682,30.7288,-9.53674e-07,0.351536,0.775694,4.74981,7.90328,2.31e-08,-58.3368,-58.3368,-58.3368,-58.3368,-58.3368,-38.7675,-38.7675,-38.7675,-38.7675,-38.7675,-88.3368,-88.3368,-88.3368,-88.3368,-88.3368,-33.9936,-33.9936,-33.9936,-33.9936,-33.9936,3.1027,True
19,0.000655847,7.97648e-05,-4.26145,7.27749,1.83147,30.6001,-9.53674e-07,0.351023,0.7761,4.74992,7.45687e-06,2.31e-08,-58.3368,-58.3368,-58.3368,-58.3368,-58.3368,-38.7675,-38.7675,-38.7675,-38.7675,-38.7675,-88.3368,-88.3368,-88.3368,-88.3368,-88.3368,-33.9936,-33.9936,-33.9936,-33.9936,-33.9936,2.74728,True
20,0.000655847,7.97648e-05,-4.26145,7.27749,1.83147,30.6001,-1.43051e-06,0.375453,0.776049,4.74986,7.90329,2.31e-08,-58.3368,-58.3368,-58.3368,-58.3368,-58.3368,-38.7675,-38.7675,-38.7675,-38.7675,-38.7675,-88.3368,-88.3368,-88.3368,-88.3368,-88.3368,-33.9936,-33.9936,-33.9936,-33.9936,-33.9936,3.1027,True
21,0.00119762,8.48295e-05,-4.26105,9.81474,1.04414,30.5786,-9.53674e-07,0.343755,0.770392,4.74991,7.75805e-06,2.31e-08,-58.3368,-58.3368,-58.3368,-58.3368,-58.3368,-38.7675,-38.7675,-38.7675,-38.7675,-38.7675,-88.3368,-88.3368,-88.3368,-88.3368,-88.3368,-33.9936,-33.9936,-33.9936,-33.9936,-33.9936,2.74729,True
22,0.00119762,8.48295e-05,-4.26105,9.81474,1.04414,30.5786,-9.53674e-07,0.357073,0.771695,4.74979,7.90329,2.31e-08,-58.3368,-58.3368,-58.3368,-58.3368,-58.3368,-38.7675,-38.7675,-38.7675,-38.7675,-38.7675,-88.3368,-88.3368,-88.3368,-88.3368,-88.3368,-33.9936,-33.9936,-33.9936,-33.9936,-33.9936,3.1027,True
23,0.00118553,7.97648e-05,-4.26148,9.81379,1.00413,30.4551,-9.53674e-07,0.351536,0.76999,4.74991,7.73993e-06,2.31e-08,-58.3368,-58.3368,-58.3368,-58.3368,-58.3368,-38.7675,-38.7675,-38.7675,-38.7675,-38.7675,-88.3368,-88.3368,-88.3368,-88.3368,-88.3368,-33.9936,-33.9936,-33.9936,-33.9936,-33.9936,2.74729,True
24,0.00118553,7.97648e-05,-4.26148,9.81379,1.00413,30.4551,-9.53674e-07,0.34802,0.767787,4.74998,7.90328,2.31e-08,-58.3368,-58.3368,-58.3368,-58.3368,-58.3368,-38.7675,-38.7675,-38.7675,-38.7675,-38.7675,-88.3368,-88.3368,-88.3368,-88.3368,-88.3368,-33.9936,-33.9936,-33.9936,-33.9936,-33.9936,3.1027,True
25,0.000552963,0.00011747,-4.7049,8.33654,2.43724,39.1273,-9.53674e-07,0.362453,0.780409,5.24996,5.56644e-06,2.53e-08,-58.3368,-58.3368,-58.3368,-58.3368,-58.3368,-38.7675,-38.7675,-38.7675,-38.7675,-38.7675,-88.3368,-88.3368,-88.3368,-88.3368,-88.3368,-33.9936,-33.9936,-33.9936,-33.9936,-33.9936,2.74679,True
26,0.000552963,0.00011747,-4.7049,8.33654,2.43724,39.1273,-9.53674e-07,0.363607,0.781167,5.24988,7.76472,2.53e-08,-58.3368,-58.3368,-58.3368,-58.3368,-58.3368,-38.7675,-38.7675,-38.7675,-38.7675,-38.7675,-88.3368,-88.3368,-88.3368,-88.3368,-88.3368,-33.9936,-33.9936,-33.9936,-33.9936,-33.9936,3.42869,True
27,0.000552246,9.88769e-05,-4.70551,8.33559,2.44029,39.1278,-9.53674e-07,0.370259,0.782186,5.24987,8.40833e-06,2.53e-08,-58.3368,-58.3368,-58.3368,-58.3368,-58.3368,-38.7675,-38.7675,-38.7675,-38.7675,-38.7675,-88.3368,-88.3368,-88.3368,-88.3368,-88.3368,-33.9936,-33.9936,-33.9936,-33.9936,-33.9936,2.74679,True
28,0.000552246,9.88769e-05,-4.70551,8.33559,2.44029,39.1278,-9.53674e-07,0.366149,0.780216,5.24997,7.76472,2.53e-08,-58.3368,-58.3368,-58.3368,-58.3368,-58.3368,-38.7675,-38.7675,-38.7675,-38.7675,-38.7675,-88.3368,-88.3368,-88.3368,-88.3368,-88.3368,-33.9936,-33.9936,-33.9936,-33.9936,-33.9936,3.42869,True
29,0.00062561,0.00011747,-4.70491,8.72469,2.20123,39.1216,-9.53674e-07,0.364904,0.776677,5.24992,6.94227e-06,2.53e-08,-58.3368,-58.3368,-58.3368,-58.3368,-58.3368,-38.7675,-38.7675,-38.7675,-38.7675,-38.7675,-88.3368,-88.3368,-88.3368,-88.3368,-88.3368,-33.9936,-33.9936,-33.9936,-33.9936,-33.9936,2.74679,True
30,0.00062561,0.00011747,-4.70491,8.72469,2.20123,39.1216,-9.53674e-07,0.36363,0.776146,5.24997,7.76472,2.53e-08,-58.3368,-58.3368,-58.3368,-58.3368,-58.3368,-38.7675,-38.7675,-38.7675,-38.7675,-38.7675,-88.3368,-88.3368,-88.3368,-88.3368,-88.3368,-33.9936,-33.9936,-33.9936,-33.9936,-33.9936,3.42869,True
31,0.000616212,9.88769e-05,-4.70551,8.72469,2.20555,39.134,-9.53674e-07,0.363427,0.776756,5.24975,1.05641e-05,2.53e-08,-58.3368,-58.3368,-58.3368,-58.3368,-58.3368,-38.7675,-38.7675,-38.7675,-38.7675,-38.7675,-88.3368,-88.3368,-88.3368,-88.3368,-88.3368,-33.9936,-33.9936,-33.9936,-33.9936,-33.9936,2.74679,True
32,0.000616212,9.88769e-05,-4.70551,8.72469,2.20555,39.134,-9.53674e-07,0.368281,0.77587,5.24997,7.76472,2.53e-08,-58.3368,-58.3368,-58.3368,-58.3368,-58.3368,-38.7675,-38.7675,-38.7675,-38.7675,-38.7675,-88.3368,-88.3368,-88.3368,-88.3368,-88.3368,-33.9936,-33.9936,-33.9936,-33.9936,-33.9936,3.42869,True
33,0.0010669,0.00011747,-4.70494,11.1456,1.35576,39.0239,-9.53674e-07,0.362788,0.77201,5.24992,7.03785e-06,2.53e-08,-58.3368,-58.3368,-58.3368,-58.3368,-58.3368,-38.7675,-38.7675,-38.7675,-38.7675,-38.7675,-88.3368,-88.3368,-88.3368,-88.3368,-88.3368,-33.9936,-33.9936,-33.9936,-33.9936,-33.9936,2.7468,True
34,0.0010669,0.00011747,-4.70494,11.1456,1.35576,39.0239,-9.53674e-07,0.365681,0.771027,5.24994,7.76472,2.53e-08,-58.3368,-58.3368,-58.3368,-58.3368,-58.3368,-38.7675,-38.7675,-38.7675,-38.7675,-38.7675,-88.3368,-88.3368,-88.3368,-88.3368,-88.3368,-33.9936,-33.9936,-33.9936,-33.9936,-33.9936,3.42869,True
35,0.00106578,9.88769e-05,-4.70554,11.1446,1.37034,38.9938,-9.53674e-07,0.363365,0.770362,5.2499,7.46549e-06,2.53e-08,-58.3368,-58.3368,-58.3368,-58.3368,-58.3368,-38.7675,-38.7675,-38.7675,-38.7675,-38.7675,-88.3368,-88.3368,-88.3368,-88.3368,-88.3368,-33.9936,-33.9936,-33.9936,-33.9936,-33.9936,2.7468,True
36,0.00106578,9.88769e-05,-4.70554,11.1446,1.37034,38.9938,-9.53674e-07,0.3611,0.771142,5.24984,7.76472,2.53e-08,-58.3368,-58.3368,-58.3368,-58.3368,-58.3368,-38.7675,-38.7675,-38.7675,-38.7675,-38.7675,-88.3368,-88.3368,-88.3368,-88.3368,-88.3368,-33.9936,-33.9936,-33.9936,-33.9936,-33.9936,3.42869,True
37,0.000537441,9.49153e-05,-4.70792,8.33225,2.44114,39.1407,-9.53674e-07,0.366123,0.783063,5.24978,9.58509e-06,2.53e-08,-58.3368,-58.3368,-58.3368,-58.3368,-58.3368,-38.7675,-38.7675,-38.7675,-38.7675,-38.7675,-88.3368,-88.3368,-88.3368,-88.3368,-88.3368,-33.9936,-33.9936,-33.9936,-33.9936,-33.9936,2.74679,True
38,0.000537441,9.49153e-05,-4.70792,8.33225,2.44114,39.1407,-9.53674e-07,0.370043,0.77889,5.24984,7.76472,2.53e-08,-58.3368,-58.3368,-58.3368,-58.3368,-58.3368,-38.7675,-38.7675,-38.7675,-38.7675,-38.7675,-88.3368,-88.3368,-88.3368,-88.3368,-88.3368,-33.9936,-33.9936,-33.9936,-33.9936,-33.9936,3.42869,True
39,0.00053201,8.33748e-05,-4.7084,8.33178,2.44407,39.145,-9.53674e-07,0.366076,0.782019,5.24992,6.77654e-06,2.53e-08,-58.3368,-58.3368,-58.3368,-58.3368,-58.3368,-38.7675,-38.7675,-38.7675,-38.7675,-38.7675,-88.3368,-88.3368,-88.3368,-88.3368,-88.3368,-33.9936,-33.9936,-33.9936,-33.9936,-33.9936,2.74679,True
40,0.00053201,8.33748e-05,-4.7084,8.33178,2.44407,39.145,-9.53674e-07,0.368398,0.780555,5.24993,7.76472,2.53e-08,-58.3368,-58.3368,-58.3368,-58.3368,-58.3368,-38.7675,-38.7675,-38.7675,-38.7675,-38.7675,-88.3368,-88.3368,-88.3368,-88.3368,-88.3368,-33.9936,-33.9936,-33.9936,-33.9936,-33.9936,3.42869,True
41,0.000612418,9.49153e-05,-4.70793,8.7204,2.20911,39.1579,-9.53674e-07,0.364783,0.776636,5.24985,8.91963e-06,2.53e-08,-58.3368,-58.3368,-58.3368,-58.3368,-58.3368,-38.7675,-38.7675,-38.7675,-38.7675,-38.7675,-88.3368,-88.3368,-88.3368,-88.3368,-88.3368,-33.9936,-33.9936,-33.9936,-33.9936,-33.9936,2.74679,True
42,0.000612418,9.49153e-05,-4.70793,8.7204,2.20911,39.1579,-9.53674e-07,0.362626,0.776251,5.24988,7.76472,2.53e-08,-58.3368,-58.3368,-58.3368,-58.3368,-58.3368,-38.7675,-38.7675,-38.7675,-38.7675,-38.7675,-88.3368,-88.3368,-88.3368,-88.3368,-88.3368,-33.9936,-33.9936,-33.9936,-33.9936,-33.9936,3.42869,True
43,0.000609508,8.33748e-05,-4.7084,8.71944,2.21066,39.0964,-9.53674e-07,0.366777,0.779909,5.24983,9.68914e-06,2.53e-08,-58.3368,-58.3368,-58.3368,-58.3368,-58.3368,-38.7675,-38.7675,-38.7675,-38.7675,-38.7675,-88.3368,-88.3368,-88.3368,-88.3368,-88.3368,-33.9936,-33.9936,-33.9936,-33.9936,-33.9936,2.74679,True
44,0.000609508,8.33748e-05,-4.7084,8.71944,2.21066,39.0964,-9.53674e-07,0.369192,0.778677,5.24996,7.76472,2.53e-08,-58.3368,-58.3368,-58.3368,-58.3368,-58.3368,-38.7675,-38.7675,-38.7675,-38.7675,-38.7675,-88.3368,-88.3368,-88.3368,-88.3368,-88.3368,-33.9936,-33.9936,-33.9936,-33.9936,-33.9936,3.42869,True
45,0.00105243,9.49153e-05,-4.70796,11.137,1.37733,39.0539,-1.43051e-06,0.355391,0.772045,5.24993,5.82109e-06,2.53e-08,-58.3368,-58.3368,-58.3368,-58.3368,-58.3368,-38.7675,-38.7675,-38.7675,-38.7675,-38.7675,-88.3368,-88.3368,-88.3368,-88.3368,-88.3368,-33.9936,-33.9936,-33.9936,-33.9936,-33.9936,2.7468,True
46,0.00105243,9.49153e-05,-4.70796,11.137,1.37733,39.0539,-9.53674e-07,0.369071,0.771316,5.24994,7.76471,2.53e-08,-58.3368,-58.3368,-58.3368,-58.3368,-58.3368,-38.7675,-38.7675,-38.7675,-38.7675,-38.7675,-88.3368,-88.3368,-88.3368,-88.3368,-88.3368,-33.9936,-33.9936,-33.9936,-33.9936,-33.9936,3.42869,True
47,0.00104777,8.33748e-05,-4.70843,11.1351,1.37463,39.011,-9.53674e-07,0.362593,0.771958,5.24989,7.85215e-06,2.53e-08,-58.3368,-58.3368,-58.3368,-58.3368,-58.3368,-38.7675,-38.7675,-38.7675,-38.7675,-38.7675,-88.3368,-88.3368,-88.3368,-88.3368,-88.3368,-33.9936,-33.9936,-33.9936,-33.9936,-33.9936,2.7468,True
48,0.00104777,8.33748e-05,-4.70843,11.1351,1.37463,39.011,-9.53674e-07,0.363085,0.770574,5.24988,7.76472,2.53e-08,-58.3368,-58.3368,-58.3368,-58.3368,-58.3368,-38.7675,-38.7675,-38.7675,-38.7675,-38.7675,-88.3368,-88.3368,-88.3368,-88.3368,-88.3368,-33.9936,-33.9936,-33.9936,-33.9936,-33.9936,3.42869,True
49,0.000585281,0.000104501,-4.25793,6.90126,2.03448,30.6973,-9.53674e-07,0.384137,0.777307,4.74993,7.14721e-06,2.31e-08,-58.3368,-58.3368,-58.3368,-58.3368,-58.3368,-38.7675,-38.7675,-38.7675,-38.7675,-38.7675,-88.3368,-88.3368,-88.3368,-88.3368,-88.3368,-33.9936,-33.9936,-33.9936,-33.9936,-33.9936,2.74728,True
50,0.00120422,0.000104501,-4.25797,9.82571,1.04291,30.467,-9.53674e-07,0.350942,0.770173,4.74993,7.10322e-06,2.31e-08,-58.3368,-58.3368,-58.3368,-58.3368,-58.3368,-38.7675,-38.7675,-38.7675,-38.7675,-38.7675,-88.3368,-88.3368,-88.3368,-88.3368,-88.3368,-33.9936,-33.9936,-33.9936,-33.9936,-33.9936,2.74729,True
51,0.00055295,0.00011747,-4.70462,8.33702,2.43724,39.1273,-9.53674e-07,0.367876,0.7804,5.24996,5.56637e-06,2.53e-08,-58.3368,-58.3368,-58.3368,-58.3368,-58.3368,-38.7675,-38.7675,-38.7675,-38.7675,-38.7675,-88.3368,-88.3368,-88.3368,-88.3368,-88.3368,-33.9936,-33.9936,-33.9936,-33.9936,-33.9936,2.74679,True
52,0.00106676,0.00011747,-4.70466,11.1465,1.35574,39.0329,-9.53674e-07,0.365535,0.770973,5.24985,8.8657e-06,2.53e-08,-58.3368,-58.3368,-58.3368,-58.3368,-58.3368,-38.7675,-38.7675,-38.7675,-38.7675,-38.7675,-88.3368,-88.3368,-88.3368,-88.3368,-88.3368,-33.9936,-33.9936,-33.9936,-33.9936,-33.9936,2.7468,True
